﻿id,username,email,password,is_admin,assignment,anno_index,anno_bbox_index,user_color,log
1,Rui,lirui9601@gmail.com,$2b$12$Gaa2FJZOGU5nWe7dvXXn0uvi8mj2vh4h70GdJATcDDGLordDfcvqm,1,TC1;TC2;C1;C2;C3;C4;C5;C6;C7;C8;C9;C10;C11;C12;C13;C14;C15;C16;C17;C18;C19;C20;C21;C22;C23;C24;C25;C26;C27;C28;C29;C30;C31;C32;C33;C34;C35;C36;C37;C38;C39;C40;C41;C42;C43;C44;C45;C46;C47;C48;C49;C50;C51;C52;C53;C54;C55;C56;C57;C58;C59;C60;P1;P2;P3;P4;P5;P6;P7;P8;P9;P10;P11;P12;P13;P14;P15;P16;P17;P18;P19;P20;P21;P22;P23;P24;P25;P26;P27;P28;P29;P30;P31;P32;P33;P34;P35;P36;P37;P38;P39;P40;P41;P42;P43;P44;P45;P46;P47;P48;P49;P50;P51;P52;P53;P54;P55;P56;P57;P58;P59;P60,0,0,,
2,Jian,,$2b$12$S/.1C9CBxzS8H9uQWJtccuH6Rni4CpeIIeRxQhgqBRqan8RCyUs8W,0,TC1;TC2;C1;C2;C3;C4;C5;C6;C7;C8;C9;C10;C11;C12;C13;C14;C15;C16;C17;C18;C19;C20;C21;C22;C23;C24;C25;C26;C27;C28;C29;C30;C31;C32;C33;C34;C35;C36;C37;C38;C39;C40;C41;C42;C43;C44;C45;C46;C47;C48;C49;C50;C51;C52;C53;C54;C55;C56;C57;C58;C59;C60;P1;P2;P3;P4;P5;P6;P7;P8;P9;P10;P11;P12;P13;P14;P15;P16;P17;P18;P19;P20;P21;P22;P23;P24;P25;P26;P27;P28;P29;P30;P31;P32;P33;P34;P35;P36;P37;P38;P39;P40;P41;P42;P43;P44;P45;P46;P47;P48;P49;P50;P51;P52;P53;P54;P55;P56;P57;P58;P59;P60,0,0,,
3,P1,,$2b$12$yC5XcGSVKlRcTEssUI.4zOLwJWQHpa2Ddy0h4Jyz1vrxurvzXElhS,0,TC1;TC2;C1;C2;C3;C4;C5;C6;C7;C8;C9;C10;C11;C12;C13;C14;C15;C16;C17;C18;C19;C20;C21;C22;C23;C24;C25;C26;C27;C28;C29;C30;C31;C32;C33;C34;C35;C36;C37;C38;C39;C40;C41;C42;C43;C44;C45;C46;C47;C48;C49;C50;C51;C52;C53;C54;C55;C56;C57;C58;C59;C60;P1;P2;P3;P4;P5;P6;P7;P8;P9;P10;P11;P12;P13;P14;P15;P16;P17;P18;P19;P20;P21;P22;P23;P24;P25;P26;P27;P28;P29;P30;P31;P32;P33;P34;P35;P36;P37;P38;P39;P40;P41;P42;P43;P44;P45;P46;P47;P48;P49;P50;P51;P52;P53;P54;P55;P56;P57;P58;P59;P60,0,0,,
4,P2,,$2b$12$i8aSzpR9YbQ.SxFccCTWX.zE88kmTZ43eeQPC9v/O5dOvZEeWvIwG,0,TC1;TC2;C1;C2;C3;C4;C5;C6;C7;C8;C9;C10;C11;C12;C13;C14;C15;C16;C17;C18;C19;C20;C21;C22;C23;C24;C25;C26;C27;C28;C29;C30;C31;C32;C33;C34;C35;C36;C37;C38;C39;C40;C41;C42;C43;C44;C45;C46;C47;C48;C49;C50;C51;C52;C53;C54;C55;C56;C57;C58;C59;C60;P1;P2;P3;P4;P5;P6;P7;P8;P9;P10;P11;P12;P13;P14;P15;P16;P17;P18;P19;P20;P21;P22;P23;P24;P25;P26;P27;P28;P29;P30;P31;P32;P33;P34;P35;P36;P37;P38;P39;P40;P41;P42;P43;P44;P45;P46;P47;P48;P49;P50;P51;P52;P53;P54;P55;P56;P57;P58;P59;P60,0,0,,
5,P3,,$2b$12$ldnRLbQdC2d/9NWTLAgrSel2RwWwqIUCJ7OyVMeX965xysJpK4KLK,0,TC1;TC2;C1;C2;C3;C4;C5;C6;C7;C8;C9;C10;C11;C12;C13;C14;C15;C16;C17;C18;C19;C20;C21;C22;C23;C24;C25;C26;C27;C28;C29;C30;C31;C32;C33;C34;C35;C36;C37;C38;C39;C40;C41;C42;C43;C44;C45;C46;C47;C48;C49;C50;C51;C52;C53;C54;C55;C56;C57;C58;C59;C60;P1;P2;P3;P4;P5;P6;P7;P8;P9;P10;P11;P12;P13;P14;P15;P16;P17;P18;P19;P20;P21;P22;P23;P24;P25;P26;P27;P28;P29;P30;P31;P32;P33;P34;P35;P36;P37;P38;P39;P40;P41;P42;P43;P44;P45;P46;P47;P48;P49;P50;P51;P52;P53;P54;P55;P56;P57;P58;P59;P60,3,0,,
6,P4,,$2b$12$lL2aRbCoMUv8l0ABO6vBDeyOM9izCzJFbsC.DnwL.YqLWZ8xca8Km,0,TC1;TC2;C1;C2;C3;C4;C5;C6;C7;C8;C9;C10;C11;C12;C13;C14;C15;C16;C17;C18;C19;C20;C21;C22;C23;C24;C25;C26;C27;C28;C29;C30;C31;C32;C33;C34;C35;C36;C37;C38;C39;C40;C41;C42;C43;C44;C45;C46;C47;C48;C49;C50;C51;C52;C53;C54;C55;C56;C57;C58;C59;C60;P1;P2;P3;P4;P5;P6;P7;P8;P9;P10;P11;P12;P13;P14;P15;P16;P17;P18;P19;P20;P21;P22;P23;P24;P25;P26;P27;P28;P29;P30;P31;P32;P33;P34;P35;P36;P37;P38;P39;P40;P41;P42;P43;P44;P45;P46;P47;P48;P49;P50;P51;P52;P53;P54;P55;P56;P57;P58;P59;P60,0,0,,
7,P5,,$2b$12$2EzDjGgW1KGmFcS6oyp0b.WqurAmNVB7Gkod25o384TKilXXzQBtC,0,TC1;TC2;C1;C2;C3;C4;C5;C6;C7;C8;C9;C10;C11;C12;C13;C14;C15;C16;C17;C18;C19;C20;C21;C22;C23;C24;C25;C26;C27;C28;C29;C30;C31;C32;C33;C34;C35;C36;C37;C38;C39;C40;C41;C42;C43;C44;C45;C46;C47;C48;C49;C50;C51;C52;C53;C54;C55;C56;C57;C58;C59;C60;P1;P2;P3;P4;P5;P6;P7;P8;P9;P10;P11;P12;P13;P14;P15;P16;P17;P18;P19;P20;P21;P22;P23;P24;P25;P26;P27;P28;P29;P30;P31;P32;P33;P34;P35;P36;P37;P38;P39;P40;P41;P42;P43;P44;P45;P46;P47;P48;P49;P50;P51;P52;P53;P54;P55;P56;P57;P58;P59;P60,0,0,,
8,P6,,$2b$12$QjJM/SqaYZWneyCKqZX/tOeGyfwnio7lqK0SQoKORHMh08zBu5Ar6,0,TC1;TC2;C1;C2;C3;C4;C5;C6;C7;C8;C9;C10;C11;C12;C13;C14;C15;C16;C17;C18;C19;C20;C21;C22;C23;C24;C25;C26;C27;C28;C29;C30;C31;C32;C33;C34;C35;C36;C37;C38;C39;C40;C41;C42;C43;C44;C45;C46;C47;C48;C49;C50;C51;C52;C53;C54;C55;C56;C57;C58;C59;C60;P1;P2;P3;P4;P5;P6;P7;P8;P9;P10;P11;P12;P13;P14;P15;P16;P17;P18;P19;P20;P21;P22;P23;P24;P25;P26;P27;P28;P29;P30;P31;P32;P33;P34;P35;P36;P37;P38;P39;P40;P41;P42;P43;P44;P45;P46;P47;P48;P49;P50;P51;P52;P53;P54;P55;P56;P57;P58;P59;P60,0,0,,
9,P7,,$2b$12$vjiVxGY.AoS2iQpF3l8k3O/5CYhV9/OehXowD5Q.aKZOMCCV7jYcq,0,TC1;TC2;C1;C2;C3;C4;C5;C6;C7;C8;C9;C10;C11;C12;C13;C14;C15;C16;C17;C18;C19;C20;C21;C22;C23;C24;C25;C26;C27;C28;C29;C30;C31;C32;C33;C34;C35;C36;C37;C38;C39;C40;C41;C42;C43;C44;C45;C46;C47;C48;C49;C50;C51;C52;C53;C54;C55;C56;C57;C58;C59;C60;P1;P2;P3;P4;P5;P6;P7;P8;P9;P10;P11;P12;P13;P14;P15;P16;P17;P18;P19;P20;P21;P22;P23;P24;P25;P26;P27;P28;P29;P30;P31;P32;P33;P34;P35;P36;P37;P38;P39;P40;P41;P42;P43;P44;P45;P46;P47;P48;P49;P50;P51;P52;P53;P54;P55;P56;P57;P58;P59;P60,0,0,,
10,P8,,$2b$12$esSFo2WsrbGWKfRLq9kgI.3Jea06lSga3T2BFe25LFHH757BV9xMa,0,TC1;TC2;C1;C2;C3;C4;C5;C6;C7;C8;C9;C10;C11;C12;C13;C14;C15;C16;C17;C18;C19;C20;C21;C22;C23;C24;C25;C26;C27;C28;C29;C30;C31;C32;C33;C34;C35;C36;C37;C38;C39;C40;C41;C42;C43;C44;C45;C46;C47;C48;C49;C50;C51;C52;C53;C54;C55;C56;C57;C58;C59;C60;P1;P2;P3;P4;P5;P6;P7;P8;P9;P10;P11;P12;P13;P14;P15;P16;P17;P18;P19;P20;P21;P22;P23;P24;P25;P26;P27;P28;P29;P30;P31;P32;P33;P34;P35;P36;P37;P38;P39;P40;P41;P42;P43;P44;P45;P46;P47;P48;P49;P50;P51;P52;P53;P54;P55;P56;P57;P58;P59;P60,0,0,,
11,P9,,$2b$12$KHQmLqrXMSq4HAxBhf7AvOI6YglQH0zPIoG7s2H383FgEoOisKwMi,0,TC1;TC2;C1;C2;C3;C4;C5;C6;C7;C8;C9;C10;C11;C12;C13;C14;C15;C16;C17;C18;C19;C20;C21;C22;C23;C24;C25;C26;C27;C28;C29;C30;C31;C32;C33;C34;C35;C36;C37;C38;C39;C40;C41;C42;C43;C44;C45;C46;C47;C48;C49;C50;C51;C52;C53;C54;C55;C56;C57;C58;C59;C60;P1;P2;P3;P4;P5;P6;P7;P8;P9;P10;P11;P12;P13;P14;P15;P16;P17;P18;P19;P20;P21;P22;P23;P24;P25;P26;P27;P28;P29;P30;P31;P32;P33;P34;P35;P36;P37;P38;P39;P40;P41;P42;P43;P44;P45;P46;P47;P48;P49;P50;P51;P52;P53;P54;P55;P56;P57;P58;P59;P60,0,0,,
12,P10,,$2b$12$Js.wbuAZC6MIbUVTm/1CB.3FzqvKnlOcl.jwQ6jHtjr8gjj.EsM9O,0,TC1;TC2;C1;C2;C3;C4;C5;C6;C7;C8;C9;C10;C11;C12;C13;C14;C15;C16;C17;C18;C19;C20;C21;C22;C23;C24;C25;C26;C27;C28;C29;C30;C31;C32;C33;C34;C35;C36;C37;C38;C39;C40;C41;C42;C43;C44;C45;C46;C47;C48;C49;C50;C51;C52;C53;C54;C55;C56;C57;C58;C59;C60;P1;P2;P3;P4;P5;P6;P7;P8;P9;P10;P11;P12;P13;P14;P15;P16;P17;P18;P19;P20;P21;P22;P23;P24;P25;P26;P27;P28;P29;P30;P31;P32;P33;P34;P35;P36;P37;P38;P39;P40;P41;P42;P43;P44;P45;P46;P47;P48;P49;P50;P51;P52;P53;P54;P55;P56;P57;P58;P59;P60,0,0,,
13,P11,,$2b$12$lw9bfr0Kg3/gl2gMHvzPQ.UvKC6NhB0w1vd9U8CDoCNFgCrOf7hsu,0,TC1;TC2;C1;C2;C3;C4;C5;C6;C7;C8;C9;C10;C11;C12;C13;C14;C15;C16;C17;C18;C19;C20;C21;C22;C23;C24;C25;C26;C27;C28;C29;C30;C31;C32;C33;C34;C35;C36;C37;C38;C39;C40;C41;C42;C43;C44;C45;C46;C47;C48;C49;C50;C51;C52;C53;C54;C55;C56;C57;C58;C59;C60;P1;P2;P3;P4;P5;P6;P7;P8;P9;P10;P11;P12;P13;P14;P15;P16;P17;P18;P19;P20;P21;P22;P23;P24;P25;P26;P27;P28;P29;P30;P31;P32;P33;P34;P35;P36;P37;P38;P39;P40;P41;P42;P43;P44;P45;P46;P47;P48;P49;P50;P51;P52;P53;P54;P55;P56;P57;P58;P59;P60,0,0,,
14,P12,,$2b$12$3/3eQUNPRzO6upd1LxFEyePjF7S43PwnjR/YtHngCA6TtBtvyBrGe,0,TC1;TC2;C1;C2;C3;C4;C5;C6;C7;C8;C9;C10;C11;C12;C13;C14;C15;C16;C17;C18;C19;C20;C21;C22;C23;C24;C25;C26;C27;C28;C29;C30;C31;C32;C33;C34;C35;C36;C37;C38;C39;C40;C41;C42;C43;C44;C45;C46;C47;C48;C49;C50;C51;C52;C53;C54;C55;C56;C57;C58;C59;C60;P1;P2;P3;P4;P5;P6;P7;P8;P9;P10;P11;P12;P13;P14;P15;P16;P17;P18;P19;P20;P21;P22;P23;P24;P25;P26;P27;P28;P29;P30;P31;P32;P33;P34;P35;P36;P37;P38;P39;P40;P41;P42;P43;P44;P45;P46;P47;P48;P49;P50;P51;P52;P53;P54;P55;P56;P57;P58;P59;P60,0,0,,
15,P13,,$2b$12$obIgj3mIovJ/hzJ0B9T3OOKTRFJ6UZrRixTWdDW9CGXLNDtBqUDO2,0,TC1;TC2;C1;C2;C3;C4;C5;C6;C7;C8;C9;C10;C11;C12;C13;C14;C15;C16;C17;C18;C19;C20;C21;C22;C23;C24;C25;C26;C27;C28;C29;C30;C31;C32;C33;C34;C35;C36;C37;C38;C39;C40;C41;C42;C43;C44;C45;C46;C47;C48;C49;C50;C51;C52;C53;C54;C55;C56;C57;C58;C59;C60;P1;P2;P3;P4;P5;P6;P7;P8;P9;P10;P11;P12;P13;P14;P15;P16;P17;P18;P19;P20;P21;P22;P23;P24;P25;P26;P27;P28;P29;P30;P31;P32;P33;P34;P35;P36;P37;P38;P39;P40;P41;P42;P43;P44;P45;P46;P47;P48;P49;P50;P51;P52;P53;P54;P55;P56;P57;P58;P59;P60,0,0,,
16,P14,,$2b$12$c7t.dv3V3vW4K6ar9hwaZOHIiCRfqOo97M5crJpPtwu/q6kN9qbFK,0,TC1;TC2;C1;C2;C3;C4;C5;C6;C7;C8;C9;C10;C11;C12;C13;C14;C15;C16;C17;C18;C19;C20;C21;C22;C23;C24;C25;C26;C27;C28;C29;C30;C31;C32;C33;C34;C35;C36;C37;C38;C39;C40;C41;C42;C43;C44;C45;C46;C47;C48;C49;C50;C51;C52;C53;C54;C55;C56;C57;C58;C59;C60;P1;P2;P3;P4;P5;P6;P7;P8;P9;P10;P11;P12;P13;P14;P15;P16;P17;P18;P19;P20;P21;P22;P23;P24;P25;P26;P27;P28;P29;P30;P31;P32;P33;P34;P35;P36;P37;P38;P39;P40;P41;P42;P43;P44;P45;P46;P47;P48;P49;P50;P51;P52;P53;P54;P55;P56;P57;P58;P59;P60,0,0,,
17,P15,,$2b$12$GkmJywWUU6.HyelW05JPPel5fdYJ63FfMkRPlY9.z9FKtkBfx0EnO,0,TC1;TC2;C1;C2;C3;C4;C5;C6;C7;C8;C9;C10;C11;C12;C13;C14;C15;C16;C17;C18;C19;C20;C21;C22;C23;C24;C25;C26;C27;C28;C29;C30;C31;C32;C33;C34;C35;C36;C37;C38;C39;C40;C41;C42;C43;C44;C45;C46;C47;C48;C49;C50;C51;C52;C53;C54;C55;C56;C57;C58;C59;C60;P1;P2;P3;P4;P5;P6;P7;P8;P9;P10;P11;P12;P13;P14;P15;P16;P17;P18;P19;P20;P21;P22;P23;P24;P25;P26;P27;P28;P29;P30;P31;P32;P33;P34;P35;P36;P37;P38;P39;P40;P41;P42;P43;P44;P45;P46;P47;P48;P49;P50;P51;P52;P53;P54;P55;P56;P57;P58;P59;P60,0,0,,
18,P16,,$2b$12$p/OiGyYdlCbyWT/8hfFfc.CWudZl3xArmT7mNFDUgEVT/K/bn2Z5y,0,TC1;TC2;C1;C2;C3;C4;C5;C6;C7;C8;C9;C10;C11;C12;C13;C14;C15;C16;C17;C18;C19;C20;C21;C22;C23;C24;C25;C26;C27;C28;C29;C30;C31;C32;C33;C34;C35;C36;C37;C38;C39;C40;C41;C42;C43;C44;C45;C46;C47;C48;C49;C50;C51;C52;C53;C54;C55;C56;C57;C58;C59;C60;P1;P2;P3;P4;P5;P6;P7;P8;P9;P10;P11;P12;P13;P14;P15;P16;P17;P18;P19;P20;P21;P22;P23;P24;P25;P26;P27;P28;P29;P30;P31;P32;P33;P34;P35;P36;P37;P38;P39;P40;P41;P42;P43;P44;P45;P46;P47;P48;P49;P50;P51;P52;P53;P54;P55;P56;P57;P58;P59;P60,0,0,,
19,P17,,$2b$12$ijhWXgx7LWTP7mY4gNtXc.JTkRwavehz66UHbpU2zucaZJ9BkkCGi,0,TC1;TC2;C1;C2;C3;C4;C5;C6;C7;C8;C9;C10;C11;C12;C13;C14;C15;C16;C17;C18;C19;C20;C21;C22;C23;C24;C25;C26;C27;C28;C29;C30;C31;C32;C33;C34;C35;C36;C37;C38;C39;C40;C41;C42;C43;C44;C45;C46;C47;C48;C49;C50;C51;C52;C53;C54;C55;C56;C57;C58;C59;C60;P1;P2;P3;P4;P5;P6;P7;P8;P9;P10;P11;P12;P13;P14;P15;P16;P17;P18;P19;P20;P21;P22;P23;P24;P25;P26;P27;P28;P29;P30;P31;P32;P33;P34;P35;P36;P37;P38;P39;P40;P41;P42;P43;P44;P45;P46;P47;P48;P49;P50;P51;P52;P53;P54;P55;P56;P57;P58;P59;P60,0,0,,
20,P18,,$2b$12$iCmoTw6LjVbE6T9HUlm2leyJA0KtIRJUlGqqUmuQBK0EVaN244c82,0,TC1;TC2;C1;C2;C3;C4;C5;C6;C7;C8;C9;C10;C11;C12;C13;C14;C15;C16;C17;C18;C19;C20;C21;C22;C23;C24;C25;C26;C27;C28;C29;C30;C31;C32;C33;C34;C35;C36;C37;C38;C39;C40;C41;C42;C43;C44;C45;C46;C47;C48;C49;C50;C51;C52;C53;C54;C55;C56;C57;C58;C59;C60;P1;P2;P3;P4;P5;P6;P7;P8;P9;P10;P11;P12;P13;P14;P15;P16;P17;P18;P19;P20;P21;P22;P23;P24;P25;P26;P27;P28;P29;P30;P31;P32;P33;P34;P35;P36;P37;P38;P39;P40;P41;P42;P43;P44;P45;P46;P47;P48;P49;P50;P51;P52;P53;P54;P55;P56;P57;P58;P59;P60,0,0,,
21,P19,,$2b$12$Lg24weR1sJurEKQ2YFKwruds3wmO8ix0EkNxhI/x5i3NXzXKYrIi6,0,TC1;TC2;C1;C2;C3;C4;C5;C6;C7;C8;C9;C10;C11;C12;C13;C14;C15;C16;C17;C18;C19;C20;C21;C22;C23;C24;C25;C26;C27;C28;C29;C30;C31;C32;C33;C34;C35;C36;C37;C38;C39;C40;C41;C42;C43;C44;C45;C46;C47;C48;C49;C50;C51;C52;C53;C54;C55;C56;C57;C58;C59;C60;P1;P2;P3;P4;P5;P6;P7;P8;P9;P10;P11;P12;P13;P14;P15;P16;P17;P18;P19;P20;P21;P22;P23;P24;P25;P26;P27;P28;P29;P30;P31;P32;P33;P34;P35;P36;P37;P38;P39;P40;P41;P42;P43;P44;P45;P46;P47;P48;P49;P50;P51;P52;P53;P54;P55;P56;P57;P58;P59;P60,0,0,,
22,P20,,$2b$12$IayrF0GnlMm8g4MM4KuF6e5RQ8GHmgFdm3qWX7UIUJgg4.ytSSXmq,0,TC1;TC2;C1;C2;C3;C4;C5;C6;C7;C8;C9;C10;C11;C12;C13;C14;C15;C16;C17;C18;C19;C20;C21;C22;C23;C24;C25;C26;C27;C28;C29;C30;C31;C32;C33;C34;C35;C36;C37;C38;C39;C40;C41;C42;C43;C44;C45;C46;C47;C48;C49;C50;C51;C52;C53;C54;C55;C56;C57;C58;C59;C60;P1;P2;P3;P4;P5;P6;P7;P8;P9;P10;P11;P12;P13;P14;P15;P16;P17;P18;P19;P20;P21;P22;P23;P24;P25;P26;P27;P28;P29;P30;P31;P32;P33;P34;P35;P36;P37;P38;P39;P40;P41;P42;P43;P44;P45;P46;P47;P48;P49;P50;P51;P52;P53;P54;P55;P56;P57;P58;P59;P60,0,0,,
