﻿id,username,email,password,is_admin,assignment,anno_index,anno_bbox_index,user_color,log
1,Rui,lirui9601@gmail.com,$2b$12$Gaa2FJZOGU5nWe7dvXXn0uvi8mj2vh4h70GdJATcDDGLordDfcvqm,1,,0,0,,
2,P14,,$2b$12$3qGPcBGMxh5xFFvkWNxTMuH0mClvNZVB1NFESmj3D3oNEQem42xra,0,TC1;TC2;C1;C44;C33;C34;C40;C4;C26;C46;C14;C7;C52;C15;C41;C31;C27;C58;C25;C18;C24;C21;C42;C50;C17;C23;C19;C32;C13;C3;C2;C10;C39;C56;C48;C8;C35;C20;C60;C11;C59;C16;C47;C45;C9;C28;C6;C37;C5;C22;C57;C51;C54;C49;C53;C29;C30;C43;C12;C55;C36;C38;P17;P32;P16;P5;P9;P48;P55;P24;P8;P36;P18;P23;P47;P30;P29;P25;P22;P39;P38;P60;P58;P35;P21;P50;P2;P27;P59;P1;P6;P34;P11;P20;P40;P46;P33;P53;P7;P15;P43;P41;P54;P45;P44;P42;P28;P49;P57;P52;P14;P31;P56;P37;P4;P13;P3;P26;P12;P19;P10;P51,0,0,,
3,P15,,$2b$12$Ss2vMI4o2RamJJX9tgWn0eHFV/eNmsN210A.7YsiqKh6kMS.uqQQ6,0,TC1;TC2;C44;C23;C55;C38;C2;C40;C42;C17;C9;C51;C59;C3;C53;C34;C56;C19;C25;C13;C39;C45;C8;C35;C18;C36;C46;C20;C32;C4;C41;C21;C54;C29;C26;C10;C28;C7;C48;C49;C24;C52;C33;C6;C12;C1;C43;C37;C50;C15;C58;C30;C22;C47;C57;C16;C27;C31;C5;C11;C60;C14;P60;P4;P29;P26;P51;P7;P16;P54;P58;P43;P52;P44;P30;P39;P20;P24;P55;P1;P6;P3;P38;P15;P48;P31;P47;P9;P18;P53;P13;P40;P28;P5;P14;P33;P41;P45;P17;P8;P56;P35;P49;P27;P37;P34;P10;P19;P50;P46;P22;P57;P23;P11;P32;P12;P59;P42;P21;P2;P36;P25,0,0,,
4,P16,,$2b$12$V36C4Q42vKCKQPIx9LYsf.4TzuVn1fPLXoZI6HEa9WuQIXrWcIpY6,0,TC1;TC2;C49;C58;C57;C42;C55;C13;C27;C9;C32;C41;C16;C39;C36;C29;C5;C59;C40;C26;C22;C50;C35;C12;C11;C53;C3;C2;C19;C21;C18;C4;C43;C23;C48;C44;C38;C31;C30;C25;C28;C15;C17;C24;C34;C6;C52;C54;C37;C51;C33;C7;C60;C8;C56;C20;C10;C47;C1;C14;C45;C46;P60;P23;P58;P5;P37;P50;P13;P44;P38;P3;P8;P33;P57;P6;P18;P34;P49;P53;P11;P40;P59;P1;P10;P31;P35;P22;P43;P14;P29;P42;P51;P30;P41;P27;P4;P54;P56;P55;P26;P36;P16;P46;P45;P24;P7;P17;P19;P47;P15;P2;P25;P20;P48;P52;P21;P28;P32;P12;P39;P9,0,0,,
5,P17,,$2b$12$7.lbz23qREGJr2ruZIji5OKdnhPDojMuRpB51MvVsyU4xZj44f44u,0,TC1;TC2;C19;C9;C34;C11;C7;C53;C22;C30;C37;C42;C8;C43;C40;C32;C38;C17;C54;C6;C3;C48;C46;C29;C16;C21;C25;C47;C2;C58;C52;C60;C23;C35;C5;C44;C10;C4;C13;C49;C14;C15;C59;C31;C26;C36;C1;C56;C57;C50;C45;C33;C24;C27;C41;C55;C39;C12;C51;C18;C20;C28;P53;P37;P9;P45;P33;P17;P22;P47;P19;P46;P1;P26;P43;P23;P56;P50;P6;P49;P12;P38;P59;P44;P21;P52;P20;P39;P15;P36;P27;P18;P2;P28;P51;P34;P14;P42;P16;P58;P11;P40;P24;P7;P5;P60;P31;P48;P29;P10;P8;P57;P55;P32;P54;P41;P30;P4;P13;P35;P25;P3,0,0,,
6,P18,,$2b$12$tqTxBGOyM6sHPlVC7cdEx.e9hnT/oKG42Zkl2UvZjBlAFFx4Ybhzi,0,TC1;TC2;C50;C60;C46;C33;C52;C11;C31;C43;C14;C23;C4;C58;C42;C44;C27;C38;C41;C30;C15;C22;C12;C45;C13;C9;C28;C37;C34;C19;C10;C17;C53;C6;C55;C5;C54;C26;C47;C21;C18;C7;C25;C49;C35;C24;C48;C8;C36;C51;C3;C29;C2;C16;C40;C57;C20;C56;C59;C39;C1;C32;P57;P53;P21;P56;P10;P41;P23;P44;P5;P26;P43;P28;P50;P40;P27;P39;P48;P49;P6;P36;P9;P38;P20;P3;P59;P42;P54;P1;P17;P18;P33;P11;P47;P25;P45;P14;P34;P31;P35;P16;P2;P13;P8;P52;P37;P60;P22;P4;P29;P55;P30;P51;P32;P24;P12;P15;P46;P7;P58;P19,0,0,,
7,P19,,$2b$12$34qj46XkdOKeCpa7I/q/pOpXfFwhog85eCkl8fnNaEocYVVgnT51G,0,TC1;TC2;C43;C39;C57;C25;C19;C26;C50;C58;C8;C23;C54;C1;C10;C46;C9;C11;C29;C28;C27;C16;C14;C33;C48;C18;C30;C38;C35;C15;C7;C37;C32;C40;C31;C17;C24;C45;C56;C47;C52;C36;C13;C53;C59;C60;C12;C5;C6;C51;C4;C21;C49;C20;C42;C34;C41;C3;C44;C55;C22;C2;P51;P59;P3;P49;P28;P1;P18;P26;P29;P39;P43;P16;P19;P7;P47;P34;P15;P20;P42;P8;P57;P55;P25;P11;P21;P24;P2;P13;P40;P27;P54;P44;P60;P50;P56;P14;P38;P9;P58;P31;P45;P4;P22;P17;P48;P52;P32;P53;P37;P23;P12;P6;P41;P30;P10;P35;P46;P5;P33;P36,0,0,,
8,P20,,$2b$12$Y1icW.ghGDydiGK7N7hSHuXd0TZdjH3oPzB9lfdP.w469f8k/U3Za,0,TC1;TC2;C12;C34;C37;C44;C48;C54;C6;C16;C38;C18;C2;C35;C27;C7;C52;C39;C41;C1;C14;C33;C43;C23;C42;C29;C9;C55;C51;C49;C19;C22;C10;C4;C24;C28;C60;C36;C8;C59;C11;C46;C45;C53;C31;C58;C15;C20;C17;C5;C21;C26;C13;C50;C3;C47;C25;C57;C56;C30;C32;C40;P20;P31;P59;P34;P55;P4;P17;P58;P46;P11;P29;P23;P48;P7;P60;P25;P43;P53;P5;P56;P30;P16;P1;P39;P49;P6;P12;P40;P32;P57;P8;P22;P14;P38;P52;P9;P36;P35;P54;P18;P19;P51;P15;P50;P41;P28;P33;P26;P24;P13;P47;P3;P44;P21;P27;P45;P42;P2;P37;P10,0,0,,
