﻿id,label_id,label_name,label_type,label_parent,label_abbr,label_isbbox,label_isrequired,label_icon_url,label_placeholder,label_color
1,lab_1,"Mark all tumors (if any) on the image. If there is a benign region inside a cancerous region, please mark that as well with with the benign polygon.",0,root,Mark,0,0,,,
2,lab_2,Tumor,5,lab_1,Tumor,0,0,,,#66a61e
3,lab_3,Benign,5,lab_1,Normal,0,0,,,#80b1d3
4,lab_5,Diagnosis,0,root,GradeCancer,0,1,,,
5,lab_7,Atypical,2,lab_5,Aty,0,0,,,
6,lab_8,Neoplastic,2,lab_5,Neo,0,0,,,
7,lab_6,Malignant,2,lab_5,Ben,0,0,,,
8,lab_9,Benign,2,lab_5,Mal,0,0,,,
9,lab_10,What is the Gleason grading?,0,root,Glea,0,1,,,
10,lab_11,6 (3+3),2,lab_10,6,0,0,,,
11,lab_12,7 (3+4),2,lab_10,73,0,0,,,
12,lab_13,7 (4+3),2,lab_10,74,0,0,,,
13,lab_14,9 (4+5),2,lab_10,94,0,0,,,
14,lab_15,9 (5+4),2,lab_10,95,0,0,,,
15,lab_16,10 (5+5),2,lab_10,105,0,0,,,
16,lab_19,Benign,2,lab_10,Ben1,0,0,,,
17,lab_17,Decision notes,0,root,Dia,0,0,,,
18,lab_18,,3,lab_17,Com,0,0,,,
