﻿id,username,email,password,is_admin,assignment,anno_index,anno_bbox_index,user_color,log
1,Rui,lirui9601@gmail.com,$2b$12$Gaa2FJZOGU5nWe7dvXXn0uvi8mj2vh4h70GdJATcDDGLordDfcvqm,1,TC1;TC2;C1;C2;C3;C4;C5;C6;C7;C8;C9;C10;C11;C12;C13;C14;C15;C16;C17;C18;C19;C20;C21;C22;C23;C24;C25;C26;C27;C28;C29;C30;C31;C32;C33;C34;C35;C36;C37;C38;C39;C40;C41;C42;C43;C44;C45;C46;C47;C48;C49;C50;C51;C52;C53;C54;C55;C56;C57;C58;C59;C60;P1;P2;P3;P4;P5;P6;P7;P8;P9;P10;P11;P12;P13;P14;P15;P16;P17;P18;P19;P20;P21;P22;P23;P24;P25;P26;P27;P28;P29;P30;P31;P32;P33;P34;P35;P36;P37;P38;P39;P40;P41;P42;P43;P44;P45;P46;P47;P48;P49;P50;P51;P52;P53;P54;P55;P56;P57;P58;P59;P60,121,0,,
2,Jian,,$2b$12$b3oGldM9Ue5fDrJy.u2T7OpsHfjRpReUpVxW3zUuCjUXrlTAHVrW.,0,TC1;TC2;C1;C2;C3;C4;C5;C6;C7;C8;C9;C10;C11;C12;C13;C14;C15;C16;C17;C18;C19;C20;C21;C22;C23;C24;C25;C26;C27;C28;C29;C30;C31;C32;C33;C34;C35;C36;C37;C38;C39;C40;C41;C42;C43;C44;C45;C46;C47;C48;C49;C50;C51;C52;C53;C54;C55;C56;C57;C58;C59;C60;P1;P2;P3;P4;P5;P6;P7;P8;P9;P10;P11;P12;P13;P14;P15;P16;P17;P18;P19;P20;P21;P22;P23;P24;P25;P26;P27;P28;P29;P30;P31;P32;P33;P34;P35;P36;P37;P38;P39;P40;P41;P42;P43;P44;P45;P46;P47;P48;P49;P50;P51;P52;P53;P54;P55;P56;P57;P58;P59;P60,0,0,,
3,P1,,$2b$12$thlKHPG63lcVQbkCrWTGMuuYYibacMQrkFZYgQltEjGzsSfU4UYqG,0,TC1;TC2;C1;C2;C3;C4;C5;C6;C7;C8;C9;C10;C11;C12;C13;C14;C15;C16;C17;C18;C19;C20;C21;C22;C23;C24;C25;C26;C27;C28;C29;C30;C31;C32;C33;C34;C35;C36;C37;C38;C39;C40;C41;C42;C43;C44;C45;C46;C47;C48;C49;C50;C51;C52;C53;C54;C55;C56;C57;C58;C59;C60;P1;P2;P3;P4;P5;P6;P7;P8;P9;P10;P11;P12;P13;P14;P15;P16;P17;P18;P19;P20;P21;P22;P23;P24;P25;P26;P27;P28;P29;P30;P31;P32;P33;P34;P35;P36;P37;P38;P39;P40;P41;P42;P43;P44;P45;P46;P47;P48;P49;P50;P51;P52;P53;P54;P55;P56;P57;P58;P59;P60,0,0,,
4,P2,,$2b$12$eRKUKNZxKvznvYKKHsSEu.S3yolqZuCMEFpv2nscT0a/KLm95NnIq,0,TC1;TC2;C1;C2;C3;C4;C5;C6;C7;C8;C9;C10;C11;C12;C13;C14;C15;C16;C17;C18;C19;C20;C21;C22;C23;C24;C25;C26;C27;C28;C29;C30;C31;C32;C33;C34;C35;C36;C37;C38;C39;C40;C41;C42;C43;C44;C45;C46;C47;C48;C49;C50;C51;C52;C53;C54;C55;C56;C57;C58;C59;C60;P1;P2;P3;P4;P5;P6;P7;P8;P9;P10;P11;P12;P13;P14;P15;P16;P17;P18;P19;P20;P21;P22;P23;P24;P25;P26;P27;P28;P29;P30;P31;P32;P33;P34;P35;P36;P37;P38;P39;P40;P41;P42;P43;P44;P45;P46;P47;P48;P49;P50;P51;P52;P53;P54;P55;P56;P57;P58;P59;P60,0,0,,
5,P3,,$2b$12$SevXObdOqov9sS0AK9.b6ezAV7aHMySeGtISBXtSc37Z2OWy/wUB2,0,TC1;TC2;C1;C2;C3;C4;C5;C6;C7;C8;C9;C10;C11;C12;C13;C14;C15;C16;C17;C18;C19;C20;C21;C22;C23;C24;C25;C26;C27;C28;C29;C30;C31;C32;C33;C34;C35;C36;C37;C38;C39;C40;C41;C42;C43;C44;C45;C46;C47;C48;C49;C50;C51;C52;C53;C54;C55;C56;C57;C58;C59;C60;P1;P2;P3;P4;P5;P6;P7;P8;P9;P10;P11;P12;P13;P14;P15;P16;P17;P18;P19;P20;P21;P22;P23;P24;P25;P26;P27;P28;P29;P30;P31;P32;P33;P34;P35;P36;P37;P38;P39;P40;P41;P42;P43;P44;P45;P46;P47;P48;P49;P50;P51;P52;P53;P54;P55;P56;P57;P58;P59;P60,0,0,,
6,P4,,$2b$12$o4Hyw2mpaHOolO5191XAa.WRUSexNnp3m9uOTovPZGKRW8XEr5oi6,0,TC1;TC2;C1;C2;C3;C4;C5;C6;C7;C8;C9;C10;C11;C12;C13;C14;C15;C16;C17;C18;C19;C20;C21;C22;C23;C24;C25;C26;C27;C28;C29;C30;C31;C32;C33;C34;C35;C36;C37;C38;C39;C40;C41;C42;C43;C44;C45;C46;C47;C48;C49;C50;C51;C52;C53;C54;C55;C56;C57;C58;C59;C60;P1;P2;P3;P4;P5;P6;P7;P8;P9;P10;P11;P12;P13;P14;P15;P16;P17;P18;P19;P20;P21;P22;P23;P24;P25;P26;P27;P28;P29;P30;P31;P32;P33;P34;P35;P36;P37;P38;P39;P40;P41;P42;P43;P44;P45;P46;P47;P48;P49;P50;P51;P52;P53;P54;P55;P56;P57;P58;P59;P60,0,0,,
7,P5,,$2b$12$2KtyF.OmNbbZj0g2/4jy8uSOOn8KgYmDCNmZaR9Tw6oIKy28MJbsq,0,TC1;TC2;C1;C2;C3;C4;C5;C6;C7;C8;C9;C10;C11;C12;C13;C14;C15;C16;C17;C18;C19;C20;C21;C22;C23;C24;C25;C26;C27;C28;C29;C30;C31;C32;C33;C34;C35;C36;C37;C38;C39;C40;C41;C42;C43;C44;C45;C46;C47;C48;C49;C50;C51;C52;C53;C54;C55;C56;C57;C58;C59;C60;P1;P2;P3;P4;P5;P6;P7;P8;P9;P10;P11;P12;P13;P14;P15;P16;P17;P18;P19;P20;P21;P22;P23;P24;P25;P26;P27;P28;P29;P30;P31;P32;P33;P34;P35;P36;P37;P38;P39;P40;P41;P42;P43;P44;P45;P46;P47;P48;P49;P50;P51;P52;P53;P54;P55;P56;P57;P58;P59;P60,0,0,,
8,P6,,$2b$12$7yAga9g7cBZNpKAmju/Z5eRtODnE.bnDakRcAxQ7UT/9kh3Nrtkhi,0,TC1;TC2;C1;C2;C3;C4;C5;C6;C7;C8;C9;C10;C11;C12;C13;C14;C15;C16;C17;C18;C19;C20;C21;C22;C23;C24;C25;C26;C27;C28;C29;C30;C31;C32;C33;C34;C35;C36;C37;C38;C39;C40;C41;C42;C43;C44;C45;C46;C47;C48;C49;C50;C51;C52;C53;C54;C55;C56;C57;C58;C59;C60;P1;P2;P3;P4;P5;P6;P7;P8;P9;P10;P11;P12;P13;P14;P15;P16;P17;P18;P19;P20;P21;P22;P23;P24;P25;P26;P27;P28;P29;P30;P31;P32;P33;P34;P35;P36;P37;P38;P39;P40;P41;P42;P43;P44;P45;P46;P47;P48;P49;P50;P51;P52;P53;P54;P55;P56;P57;P58;P59;P60,0,0,,
9,P7,,$2b$12$RDZBwQ5xYWP.XUwE/3oq6.18YedAdkAQwtsjrWn/uJZSpRhMKBeXW,0,TC1;TC2;C1;C2;C3;C4;C5;C6;C7;C8;C9;C10;C11;C12;C13;C14;C15;C16;C17;C18;C19;C20;C21;C22;C23;C24;C25;C26;C27;C28;C29;C30;C31;C32;C33;C34;C35;C36;C37;C38;C39;C40;C41;C42;C43;C44;C45;C46;C47;C48;C49;C50;C51;C52;C53;C54;C55;C56;C57;C58;C59;C60;P1;P2;P3;P4;P5;P6;P7;P8;P9;P10;P11;P12;P13;P14;P15;P16;P17;P18;P19;P20;P21;P22;P23;P24;P25;P26;P27;P28;P29;P30;P31;P32;P33;P34;P35;P36;P37;P38;P39;P40;P41;P42;P43;P44;P45;P46;P47;P48;P49;P50;P51;P52;P53;P54;P55;P56;P57;P58;P59;P60,0,0,,
10,P8,,$2b$12$vella1OQrndUMu9Ig8TtBuqwZFJJxd07Kd3CWbkFr2aZ/5P5zo5Y2,0,TC1;TC2;C1;C2;C3;C4;C5;C6;C7;C8;C9;C10;C11;C12;C13;C14;C15;C16;C17;C18;C19;C20;C21;C22;C23;C24;C25;C26;C27;C28;C29;C30;C31;C32;C33;C34;C35;C36;C37;C38;C39;C40;C41;C42;C43;C44;C45;C46;C47;C48;C49;C50;C51;C52;C53;C54;C55;C56;C57;C58;C59;C60;P1;P2;P3;P4;P5;P6;P7;P8;P9;P10;P11;P12;P13;P14;P15;P16;P17;P18;P19;P20;P21;P22;P23;P24;P25;P26;P27;P28;P29;P30;P31;P32;P33;P34;P35;P36;P37;P38;P39;P40;P41;P42;P43;P44;P45;P46;P47;P48;P49;P50;P51;P52;P53;P54;P55;P56;P57;P58;P59;P60,0,0,,
11,P9,,$2b$12$eDwnKF65UpIVqBp8WaD.9.cz1ejrPOjTSFKydFBPD9qN1upVw/6JG,0,TC1;TC2;C1;C2;C3;C4;C5;C6;C7;C8;C9;C10;C11;C12;C13;C14;C15;C16;C17;C18;C19;C20;C21;C22;C23;C24;C25;C26;C27;C28;C29;C30;C31;C32;C33;C34;C35;C36;C37;C38;C39;C40;C41;C42;C43;C44;C45;C46;C47;C48;C49;C50;C51;C52;C53;C54;C55;C56;C57;C58;C59;C60;P1;P2;P3;P4;P5;P6;P7;P8;P9;P10;P11;P12;P13;P14;P15;P16;P17;P18;P19;P20;P21;P22;P23;P24;P25;P26;P27;P28;P29;P30;P31;P32;P33;P34;P35;P36;P37;P38;P39;P40;P41;P42;P43;P44;P45;P46;P47;P48;P49;P50;P51;P52;P53;P54;P55;P56;P57;P58;P59;P60,0,0,,
12,P10,,$2b$12$t5aothN.M6bXvqdFYTyUKOilXTqMz0rA3HzG2.h7W/ONR.0lsYAoa,0,TC1;TC2;C1;C2;C3;C4;C5;C6;C7;C8;C9;C10;C11;C12;C13;C14;C15;C16;C17;C18;C19;C20;C21;C22;C23;C24;C25;C26;C27;C28;C29;C30;C31;C32;C33;C34;C35;C36;C37;C38;C39;C40;C41;C42;C43;C44;C45;C46;C47;C48;C49;C50;C51;C52;C53;C54;C55;C56;C57;C58;C59;C60;P1;P2;P3;P4;P5;P6;P7;P8;P9;P10;P11;P12;P13;P14;P15;P16;P17;P18;P19;P20;P21;P22;P23;P24;P25;P26;P27;P28;P29;P30;P31;P32;P33;P34;P35;P36;P37;P38;P39;P40;P41;P42;P43;P44;P45;P46;P47;P48;P49;P50;P51;P52;P53;P54;P55;P56;P57;P58;P59;P60,0,0,,
13,P11,,$2b$12$2nBJredbujwFqP1iZ5DSWe4r8U4AKz1zYZfPf0s1.j2seVpI9hkGW,0,TC1;TC2;C1;C2;C3;C4;C5;C6;C7;C8;C9;C10;C11;C12;C13;C14;C15;C16;C17;C18;C19;C20;C21;C22;C23;C24;C25;C26;C27;C28;C29;C30;C31;C32;C33;C34;C35;C36;C37;C38;C39;C40;C41;C42;C43;C44;C45;C46;C47;C48;C49;C50;C51;C52;C53;C54;C55;C56;C57;C58;C59;C60;P1;P2;P3;P4;P5;P6;P7;P8;P9;P10;P11;P12;P13;P14;P15;P16;P17;P18;P19;P20;P21;P22;P23;P24;P25;P26;P27;P28;P29;P30;P31;P32;P33;P34;P35;P36;P37;P38;P39;P40;P41;P42;P43;P44;P45;P46;P47;P48;P49;P50;P51;P52;P53;P54;P55;P56;P57;P58;P59;P60,0,0,,
14,P12,,$2b$12$qQ/ycx6SBq9tGs3STlZDBuHJMhi28fUoJZRyAPoicbev3LWdM5MQO,0,TC1;TC2;C1;C2;C3;C4;C5;C6;C7;C8;C9;C10;C11;C12;C13;C14;C15;C16;C17;C18;C19;C20;C21;C22;C23;C24;C25;C26;C27;C28;C29;C30;C31;C32;C33;C34;C35;C36;C37;C38;C39;C40;C41;C42;C43;C44;C45;C46;C47;C48;C49;C50;C51;C52;C53;C54;C55;C56;C57;C58;C59;C60;P1;P2;P3;P4;P5;P6;P7;P8;P9;P10;P11;P12;P13;P14;P15;P16;P17;P18;P19;P20;P21;P22;P23;P24;P25;P26;P27;P28;P29;P30;P31;P32;P33;P34;P35;P36;P37;P38;P39;P40;P41;P42;P43;P44;P45;P46;P47;P48;P49;P50;P51;P52;P53;P54;P55;P56;P57;P58;P59;P60,0,0,,
15,P13,,$2b$12$CNXtAUdNQnPeFpa6DyT7s.CjdLqGimRd6rT.lBEASiXEMov8XS2.C,0,TC1;TC2;C1;C2;C3;C4;C5;C6;C7;C8;C9;C10;C11;C12;C13;C14;C15;C16;C17;C18;C19;C20;C21;C22;C23;C24;C25;C26;C27;C28;C29;C30;C31;C32;C33;C34;C35;C36;C37;C38;C39;C40;C41;C42;C43;C44;C45;C46;C47;C48;C49;C50;C51;C52;C53;C54;C55;C56;C57;C58;C59;C60;P1;P2;P3;P4;P5;P6;P7;P8;P9;P10;P11;P12;P13;P14;P15;P16;P17;P18;P19;P20;P21;P22;P23;P24;P25;P26;P27;P28;P29;P30;P31;P32;P33;P34;P35;P36;P37;P38;P39;P40;P41;P42;P43;P44;P45;P46;P47;P48;P49;P50;P51;P52;P53;P54;P55;P56;P57;P58;P59;P60,0,0,,
16,P14,,$2b$12$RsPpLGKEVT6GhYv32yAclez10rrcMXnU5pPw272q08oaLDzSiyqBm,0,TC1;TC2;C1;C2;C3;C4;C5;C6;C7;C8;C9;C10;C11;C12;C13;C14;C15;C16;C17;C18;C19;C20;C21;C22;C23;C24;C25;C26;C27;C28;C29;C30;C31;C32;C33;C34;C35;C36;C37;C38;C39;C40;C41;C42;C43;C44;C45;C46;C47;C48;C49;C50;C51;C52;C53;C54;C55;C56;C57;C58;C59;C60;P1;P2;P3;P4;P5;P6;P7;P8;P9;P10;P11;P12;P13;P14;P15;P16;P17;P18;P19;P20;P21;P22;P23;P24;P25;P26;P27;P28;P29;P30;P31;P32;P33;P34;P35;P36;P37;P38;P39;P40;P41;P42;P43;P44;P45;P46;P47;P48;P49;P50;P51;P52;P53;P54;P55;P56;P57;P58;P59;P60,0,0,,
17,P15,,$2b$12$ZAwKZxBgFjsvKj5xtgztAudoTOzyyobs3LpOgVwTkgiIfimysUPZy,0,TC1;TC2;C1;C2;C3;C4;C5;C6;C7;C8;C9;C10;C11;C12;C13;C14;C15;C16;C17;C18;C19;C20;C21;C22;C23;C24;C25;C26;C27;C28;C29;C30;C31;C32;C33;C34;C35;C36;C37;C38;C39;C40;C41;C42;C43;C44;C45;C46;C47;C48;C49;C50;C51;C52;C53;C54;C55;C56;C57;C58;C59;C60;P1;P2;P3;P4;P5;P6;P7;P8;P9;P10;P11;P12;P13;P14;P15;P16;P17;P18;P19;P20;P21;P22;P23;P24;P25;P26;P27;P28;P29;P30;P31;P32;P33;P34;P35;P36;P37;P38;P39;P40;P41;P42;P43;P44;P45;P46;P47;P48;P49;P50;P51;P52;P53;P54;P55;P56;P57;P58;P59;P60,0,0,,
18,P16,,$2b$12$3AZYfj82h7.EigX/4ckd6Oknn5EHiSiRlUxJkmz1yvi23Fz0eTmE2,0,TC1;TC2;C1;C2;C3;C4;C5;C6;C7;C8;C9;C10;C11;C12;C13;C14;C15;C16;C17;C18;C19;C20;C21;C22;C23;C24;C25;C26;C27;C28;C29;C30;C31;C32;C33;C34;C35;C36;C37;C38;C39;C40;C41;C42;C43;C44;C45;C46;C47;C48;C49;C50;C51;C52;C53;C54;C55;C56;C57;C58;C59;C60;P1;P2;P3;P4;P5;P6;P7;P8;P9;P10;P11;P12;P13;P14;P15;P16;P17;P18;P19;P20;P21;P22;P23;P24;P25;P26;P27;P28;P29;P30;P31;P32;P33;P34;P35;P36;P37;P38;P39;P40;P41;P42;P43;P44;P45;P46;P47;P48;P49;P50;P51;P52;P53;P54;P55;P56;P57;P58;P59;P60,0,0,,
19,P17,,$2b$12$SO5PjMJaka3LDjNHcCe9f.BduQOXCby2KENBn5vS6IvnyhUmjwUZq,0,TC1;TC2;C1;C2;C3;C4;C5;C6;C7;C8;C9;C10;C11;C12;C13;C14;C15;C16;C17;C18;C19;C20;C21;C22;C23;C24;C25;C26;C27;C28;C29;C30;C31;C32;C33;C34;C35;C36;C37;C38;C39;C40;C41;C42;C43;C44;C45;C46;C47;C48;C49;C50;C51;C52;C53;C54;C55;C56;C57;C58;C59;C60;P1;P2;P3;P4;P5;P6;P7;P8;P9;P10;P11;P12;P13;P14;P15;P16;P17;P18;P19;P20;P21;P22;P23;P24;P25;P26;P27;P28;P29;P30;P31;P32;P33;P34;P35;P36;P37;P38;P39;P40;P41;P42;P43;P44;P45;P46;P47;P48;P49;P50;P51;P52;P53;P54;P55;P56;P57;P58;P59;P60,0,0,,
20,P18,,$2b$12$mE9VNE5z9dM/10zmSHoliusCQkfK97gTEVjlETN2frVuqNC7uKIay,0,TC1;TC2;C1;C2;C3;C4;C5;C6;C7;C8;C9;C10;C11;C12;C13;C14;C15;C16;C17;C18;C19;C20;C21;C22;C23;C24;C25;C26;C27;C28;C29;C30;C31;C32;C33;C34;C35;C36;C37;C38;C39;C40;C41;C42;C43;C44;C45;C46;C47;C48;C49;C50;C51;C52;C53;C54;C55;C56;C57;C58;C59;C60;P1;P2;P3;P4;P5;P6;P7;P8;P9;P10;P11;P12;P13;P14;P15;P16;P17;P18;P19;P20;P21;P22;P23;P24;P25;P26;P27;P28;P29;P30;P31;P32;P33;P34;P35;P36;P37;P38;P39;P40;P41;P42;P43;P44;P45;P46;P47;P48;P49;P50;P51;P52;P53;P54;P55;P56;P57;P58;P59;P60,0,0,,
21,P19,,$2b$12$ldThsqKGcYn3soR9gX93Vu3O2Q0s.V7m5pEw9WcP2M4YJS6vV.yiq,0,TC1;TC2;C1;C2;C3;C4;C5;C6;C7;C8;C9;C10;C11;C12;C13;C14;C15;C16;C17;C18;C19;C20;C21;C22;C23;C24;C25;C26;C27;C28;C29;C30;C31;C32;C33;C34;C35;C36;C37;C38;C39;C40;C41;C42;C43;C44;C45;C46;C47;C48;C49;C50;C51;C52;C53;C54;C55;C56;C57;C58;C59;C60;P1;P2;P3;P4;P5;P6;P7;P8;P9;P10;P11;P12;P13;P14;P15;P16;P17;P18;P19;P20;P21;P22;P23;P24;P25;P26;P27;P28;P29;P30;P31;P32;P33;P34;P35;P36;P37;P38;P39;P40;P41;P42;P43;P44;P45;P46;P47;P48;P49;P50;P51;P52;P53;P54;P55;P56;P57;P58;P59;P60,0,0,,
22,P20,,$2b$12$h.eU3Pux.LkLbgq5VBCEMOvMqWSzze4u0wiOfty3nCvOG8AWSVyBG,0,TC1;TC2;C1;C2;C3;C4;C5;C6;C7;C8;C9;C10;C11;C12;C13;C14;C15;C16;C17;C18;C19;C20;C21;C22;C23;C24;C25;C26;C27;C28;C29;C30;C31;C32;C33;C34;C35;C36;C37;C38;C39;C40;C41;C42;C43;C44;C45;C46;C47;C48;C49;C50;C51;C52;C53;C54;C55;C56;C57;C58;C59;C60;P1;P2;P3;P4;P5;P6;P7;P8;P9;P10;P11;P12;P13;P14;P15;P16;P17;P18;P19;P20;P21;P22;P23;P24;P25;P26;P27;P28;P29;P30;P31;P32;P33;P34;P35;P36;P37;P38;P39;P40;P41;P42;P43;P44;P45;P46;P47;P48;P49;P50;P51;P52;P53;P54;P55;P56;P57;P58;P59;P60,0,0,,
