﻿M_image_id,M_image_name,M_image_url,M_display_order,O_caption_url,O_paper_url,O_year
C1,test_001,../static/medical_images/test_001/test_001.dzi,1,,,
C2,test_008,../static/medical_images/test_008/test_008.dzi,2,,,
C3,test_010,../static/medical_images/test_010/test_010.dzi,3,,,
C4,test_013,../static/medical_images/test_013/test_013.dzi,4,,,
C5,test_016,../static/medical_images/test_016/test_016.dzi,5,,,
C6,test_036,../static/medical_images/test_036/test_036.dzi,6,,,
C7,test_038,../static/medical_images/test_038/test_038.dzi,7,,,
C8,test_045,../static/medical_images/test_045/test_045.dzi,8,,,
C9,test_048,../static/medical_images/test_048/test_048.dzi,9,,,
C10,test_051,../static/medical_images/test_051/test_051.dzi,10,,,
C11,test_052,../static/medical_images/test_052/test_052.dzi,11,,,
C12,test_053,../static/medical_images/test_053/test_053.dzi,12,,,
C13,test_054,../static/medical_images/test_054/test_054.dzi,13,,,
C14,test_056,../static/medical_images/test_056/test_056.dzi,14,,,
C15,test_064,../static/medical_images/test_064/test_064.dzi,15,,,
C16,test_065,../static/medical_images/test_065/test_065.dzi,16,,,
C17,test_066,../static/medical_images/test_066/test_066.dzi,17,,,
C18,test_068,../static/medical_images/test_068/test_068.dzi,18,,,
C19,test_073,../static/medical_images/test_073/test_073.dzi,19,,,
C20,test_074,../static/medical_images/test_074/test_074.dzi,20,,,
C21,test_075,../static/medical_images/test_075/test_075.dzi,21,,,
C22,test_078,../static/medical_images/test_078/test_078.dzi,22,,,
C23,test_079,../static/medical_images/test_079/test_079.dzi,23,,,
C24,test_082,../static/medical_images/test_082/test_082.dzi,24,,,
C25,test_084,../static/medical_images/test_084/test_084.dzi,25,,,
C26,test_085,../static/medical_images/test_085/test_085.dzi,26,,,
C27,test_092,../static/medical_images/test_092/test_092.dzi,27,,,
C28,test_095,../static/medical_images/test_095/test_095.dzi,28,,,
C29,test_097,../static/medical_images/test_097/test_097.dzi,29,,,
C30,test_099,../static/medical_images/test_099/test_099.dzi,30,,,
C31,test_102,../static/medical_images/test_102/test_102.dzi,31,,,
C32,test_104,../static/medical_images/test_104/test_104.dzi,32,,,
C33,test_105,../static/medical_images/test_105/test_105.dzi,33,,,
C34,test_108,../static/medical_images/test_108/test_108.dzi,34,,,
C35,test_113,../static/medical_images/test_113/test_113.dzi,35,,,
C36,test_115,../static/medical_images/test_115/test_115.dzi,36,,,
C37,test_116,../static/medical_images/test_116/test_116.dzi,37,,,
C38,test_118,../static/medical_images/test_118/test_118.dzi,38,,,
C39,test_121,../static/medical_images/test_121/test_121.dzi,39,,,
C40,test_122,../static/medical_images/test_122/test_122.dzi,40,,,
C41,test_002,../static/medical_images/test_002/test_002.dzi,41,,,
C42,test_004,../static/medical_images/test_004/test_004.dzi,42,,,
C43,test_014,../static/medical_images/test_014/test_014.dzi,43,,,
C44,test_021,../static/medical_images/test_021/test_021.dzi,44,,,
C45,test_024,../static/medical_images/test_024/test_024.dzi,45,,,
C46,test_026,../static/medical_images/test_026/test_026.dzi,46,,,
C47,test_027,../static/medical_images/test_027/test_027.dzi,47,,,
C48,test_029,../static/medical_images/test_029/test_029.dzi,48,,,
C49,test_030,../static/medical_images/test_030/test_030.dzi,49,,,
C50,test_033,../static/medical_images/test_033/test_033.dzi,50,,,
C51,test_040,../static/medical_images/test_040/test_040.dzi,51,,,
C52,test_043,../static/medical_images/test_043/test_043.dzi,52,,,
C53,test_058,../static/medical_images/test_058/test_058.dzi,53,,,
C54,test_069,../static/medical_images/test_069/test_069.dzi,54,,,
C55,test_071,../static/medical_images/test_071/test_071.dzi,55,,,
C56,test_090,../static/medical_images/test_090/test_090.dzi,56,,,
C57,test_091,../static/medical_images/test_091/test_091.dzi,57,,,
C58,test_094,../static/medical_images/test_094/test_094.dzi,58,,,
C59,test_110,../static/medical_images/test_110/test_110.dzi,59,,,
C60,test_117,../static/medical_images/test_117/test_117.dzi,60,,,
P1,02e5b03f8ea7ea2787101b758291d162.tiff,../static/medical_images/pandaTiles/02e5b03f8ea7ea2787101b758291d162/02e5b03f8ea7ea2787101b758291d162.dzi,61,,,
P2,0497647d8124c3a7f498c89204b7afe2.tiff,../static/medical_images/pandaTiles/0497647d8124c3a7f498c89204b7afe2/0497647d8124c3a7f498c89204b7afe2.dzi,62,,,
P3,06cab87cd7a132bd8eaa30aa1ea42434.tiff,../static/medical_images/pandaTiles/06cab87cd7a132bd8eaa30aa1ea42434/06cab87cd7a132bd8eaa30aa1ea42434.dzi,63,,,
P4,06ef45756a44d6ec0301b519700bf053.tiff,../static/medical_images/pandaTiles/06ef45756a44d6ec0301b519700bf053/06ef45756a44d6ec0301b519700bf053.dzi,64,,,
P5,07e5efeb3064dd07d6392517cd3362aa.tiff,../static/medical_images/pandaTiles/07e5efeb3064dd07d6392517cd3362aa/07e5efeb3064dd07d6392517cd3362aa.dzi,65,,,
P6,0c5c2d16c0f2e399b7be641e7e7f66d9.tiff,../static/medical_images/pandaTiles/0c5c2d16c0f2e399b7be641e7e7f66d9/0c5c2d16c0f2e399b7be641e7e7f66d9.dzi,66,,,
P7,0da0915a236f2fc98b299d6fdefe7b8b.tiff,../static/medical_images/pandaTiles/0da0915a236f2fc98b299d6fdefe7b8b/0da0915a236f2fc98b299d6fdefe7b8b.dzi,67,,,
P8,0ebea13245a2b04ca3e6a482091e35d6.tiff,../static/medical_images/pandaTiles/0ebea13245a2b04ca3e6a482091e35d6/0ebea13245a2b04ca3e6a482091e35d6.dzi,68,,,
P9,114e7c13474be685062ffdb3ac3f56c8.tiff,../static/medical_images/pandaTiles/114e7c13474be685062ffdb3ac3f56c8/114e7c13474be685062ffdb3ac3f56c8.dzi,69,,,
P10,12d5dea1bb9e690b0a7d2b541b3d2145.tiff,../static/medical_images/pandaTiles/12d5dea1bb9e690b0a7d2b541b3d2145/12d5dea1bb9e690b0a7d2b541b3d2145.dzi,70,,,
P11,157565e23ba28d5a42f63f34f3dd4425.tiff,../static/medical_images/pandaTiles/157565e23ba28d5a42f63f34f3dd4425/157565e23ba28d5a42f63f34f3dd4425.dzi,71,,,
P12,15adbda27f36bcbb0cd4cec566db82a9.tiff,../static/medical_images/pandaTiles/15adbda27f36bcbb0cd4cec566db82a9/15adbda27f36bcbb0cd4cec566db82a9.dzi,72,,,
P13,173b49fe81aff971168dc5d7ef4124d8.tiff,../static/medical_images/pandaTiles/173b49fe81aff971168dc5d7ef4124d8/173b49fe81aff971168dc5d7ef4124d8.dzi,73,,,
P14,19b00475de6bf1629c4b797397632711.tiff,../static/medical_images/pandaTiles/19b00475de6bf1629c4b797397632711/19b00475de6bf1629c4b797397632711.dzi,74,,,
P15,1c239449d7f8707211a0e6821848a1c1.tiff,../static/medical_images/pandaTiles/1c239449d7f8707211a0e6821848a1c1/1c239449d7f8707211a0e6821848a1c1.dzi,75,,,
P16,293a463681a08ed0c816c6618a032534.tiff,../static/medical_images/pandaTiles/293a463681a08ed0c816c6618a032534/293a463681a08ed0c816c6618a032534.dzi,76,,,
P17,2df70f54603d1288589dd36d562fd88a.tiff,../static/medical_images/pandaTiles/2df70f54603d1288589dd36d562fd88a/2df70f54603d1288589dd36d562fd88a.dzi,77,,,
P18,3ec8cdd4bcb971eea9c54d7dd1a49e1c.tiff,../static/medical_images/pandaTiles/3ec8cdd4bcb971eea9c54d7dd1a49e1c/3ec8cdd4bcb971eea9c54d7dd1a49e1c.dzi,78,,,
P19,42fb5621a7efec257508e6b08d959c3f.tiff,../static/medical_images/pandaTiles/42fb5621a7efec257508e6b08d959c3f/42fb5621a7efec257508e6b08d959c3f.dzi,79,,,
P20,4da79675b490fd611075cd6b84b83adb.tiff,../static/medical_images/pandaTiles/4da79675b490fd611075cd6b84b83adb/4da79675b490fd611075cd6b84b83adb.dzi,80,,,
P21,5037b3b05aec2c96a034ce9301a43326.tiff,../static/medical_images/pandaTiles/5037b3b05aec2c96a034ce9301a43326/5037b3b05aec2c96a034ce9301a43326.dzi,81,,,
P22,51cae066e83f4428d6d3c60d7543a105.tiff,../static/medical_images/pandaTiles/51cae066e83f4428d6d3c60d7543a105/51cae066e83f4428d6d3c60d7543a105.dzi,82,,,
P23,53f2d7fc3b642a8b6cc2d2780f6bb48b.tiff,../static/medical_images/pandaTiles/53f2d7fc3b642a8b6cc2d2780f6bb48b/53f2d7fc3b642a8b6cc2d2780f6bb48b.dzi,83,,,
P24,602f278e2deec17068c5dffb3099754a.tiff,../static/medical_images/pandaTiles/602f278e2deec17068c5dffb3099754a/602f278e2deec17068c5dffb3099754a.dzi,84,,,
P25,632e75c2e505dca41ae57573e70932b9.tiff,../static/medical_images/pandaTiles/632e75c2e505dca41ae57573e70932b9/632e75c2e505dca41ae57573e70932b9.dzi,85,,,
P26,636498ce17020805892b1dd50e5eed64.tiff,../static/medical_images/pandaTiles/636498ce17020805892b1dd50e5eed64/636498ce17020805892b1dd50e5eed64.dzi,86,,,
P27,64649896d23df686ff9bb201501a40e3.tiff,../static/medical_images/pandaTiles/64649896d23df686ff9bb201501a40e3/64649896d23df686ff9bb201501a40e3.dzi,87,,,
P28,646ad07bdb7b93beff7ba27a0376fea9.tiff,../static/medical_images/pandaTiles/646ad07bdb7b93beff7ba27a0376fea9/646ad07bdb7b93beff7ba27a0376fea9.dzi,88,,,
P29,69cbb87f131ddaa6b2ea5e9b6694c01d.tiff,../static/medical_images/pandaTiles/69cbb87f131ddaa6b2ea5e9b6694c01d/69cbb87f131ddaa6b2ea5e9b6694c01d.dzi,89,,,
P30,6a4705f723c23536d58a72341e0eac1f.tiff,../static/medical_images/pandaTiles/6a4705f723c23536d58a72341e0eac1f/6a4705f723c23536d58a72341e0eac1f.dzi,90,,,
P31,6ffaf27156505265f49d0dbc2d14a745.tiff,../static/medical_images/pandaTiles/6ffaf27156505265f49d0dbc2d14a745/6ffaf27156505265f49d0dbc2d14a745.dzi,91,,,
P32,706a5789a3517393a583829512a1fb8d.tiff,../static/medical_images/pandaTiles/706a5789a3517393a583829512a1fb8d/706a5789a3517393a583829512a1fb8d.dzi,92,,,
P33,741c3cea01151450aa8a04c021978b70.tiff,../static/medical_images/pandaTiles/741c3cea01151450aa8a04c021978b70/741c3cea01151450aa8a04c021978b70.dzi,93,,,
P34,7ae412eda1a4203bb31484fdcdf0864d.tiff,../static/medical_images/pandaTiles/7ae412eda1a4203bb31484fdcdf0864d/7ae412eda1a4203bb31484fdcdf0864d.dzi,94,,,
P35,7b6dc08185aef4a4739b8ac8eefa47f8.tiff,../static/medical_images/pandaTiles/7b6dc08185aef4a4739b8ac8eefa47f8/7b6dc08185aef4a4739b8ac8eefa47f8.dzi,95,,,
P36,7d75d4e19e3190f348b45a143b777862.tiff,../static/medical_images/pandaTiles/7d75d4e19e3190f348b45a143b777862/7d75d4e19e3190f348b45a143b777862.dzi,96,,,
P37,7efede6ad0155034347d7f2b9e50f2c7.tiff,../static/medical_images/pandaTiles/7efede6ad0155034347d7f2b9e50f2c7/7efede6ad0155034347d7f2b9e50f2c7.dzi,97,,,
P38,829dd10a2effb3f6aad826dc06217f58.tiff,../static/medical_images/pandaTiles/829dd10a2effb3f6aad826dc06217f58/829dd10a2effb3f6aad826dc06217f58.dzi,98,,,
P39,834654070eb44fb589d68557f0f48587.tiff,../static/medical_images/pandaTiles/834654070eb44fb589d68557f0f48587/834654070eb44fb589d68557f0f48587.dzi,99,,,
P40,888a60018916e6e3a5f6042e285ea011.tiff,../static/medical_images/pandaTiles/888a60018916e6e3a5f6042e285ea011/888a60018916e6e3a5f6042e285ea011.dzi,100,,,
P41,8b0f143a34251629cd7c0d34743d3e63.tiff,../static/medical_images/pandaTiles/8b0f143a34251629cd7c0d34743d3e63/8b0f143a34251629cd7c0d34743d3e63.dzi,101,,,
P42,9c590826f300b2d7721b45701ad5ddcb.tiff,../static/medical_images/pandaTiles/9c590826f300b2d7721b45701ad5ddcb/9c590826f300b2d7721b45701ad5ddcb.dzi,102,,,
P43,a331bd194ce409c37923a64ae652009f.tiff,../static/medical_images/pandaTiles/a331bd194ce409c37923a64ae652009f/a331bd194ce409c37923a64ae652009f.dzi,103,,,
P44,b14a7f66d2c7fccac708bd5540448658.tiff,../static/medical_images/pandaTiles/b14a7f66d2c7fccac708bd5540448658/b14a7f66d2c7fccac708bd5540448658.dzi,104,,,
P45,b283f2cca8b919e83f7cba1bcbfbbefb.tiff,../static/medical_images/pandaTiles/b283f2cca8b919e83f7cba1bcbfbbefb/b283f2cca8b919e83f7cba1bcbfbbefb.dzi,105,,,
P46,b9df338c2d3db201e2bd938ddbd1c913.tiff,../static/medical_images/pandaTiles/b9df338c2d3db201e2bd938ddbd1c913/b9df338c2d3db201e2bd938ddbd1c913.dzi,106,,,
P47,bc6e1ebec08a9503689da9a095690dfe.tiff,../static/medical_images/pandaTiles/bc6e1ebec08a9503689da9a095690dfe/bc6e1ebec08a9503689da9a095690dfe.dzi,107,,,
P48,bd6f8389b1d1f39c832d30ab4df72816.tiff,../static/medical_images/pandaTiles/bd6f8389b1d1f39c832d30ab4df72816/bd6f8389b1d1f39c832d30ab4df72816.dzi,108,,,
P49,be2a8d3f8f64c5cddbef943b96cefb95.tiff,../static/medical_images/pandaTiles/be2a8d3f8f64c5cddbef943b96cefb95/be2a8d3f8f64c5cddbef943b96cefb95.dzi,109,,,
P50,c3249c406e4f7d0f508c8bd96dd32c56.tiff,../static/medical_images/pandaTiles/c3249c406e4f7d0f508c8bd96dd32c56/c3249c406e4f7d0f508c8bd96dd32c56.dzi,110,,,
P51,c40fab4c4c3658f40cc9a73c8602d8d0.tiff,../static/medical_images/pandaTiles/c40fab4c4c3658f40cc9a73c8602d8d0/c40fab4c4c3658f40cc9a73c8602d8d0.dzi,111,,,
P52,cbad739adf8a8bf6803b77f81946f8a4.tiff,../static/medical_images/pandaTiles/cbad739adf8a8bf6803b77f81946f8a4/cbad739adf8a8bf6803b77f81946f8a4.dzi,112,,,
P53,cf811d5af1bb735310b1a7775cd2ee9f.tiff,../static/medical_images/pandaTiles/cf811d5af1bb735310b1a7775cd2ee9f/cf811d5af1bb735310b1a7775cd2ee9f.dzi,113,,,
P54,d1df1946a0d00bdf843cbbedbe98fa4b.tiff,../static/medical_images/pandaTiles/d1df1946a0d00bdf843cbbedbe98fa4b/d1df1946a0d00bdf843cbbedbe98fa4b.dzi,114,,,
P55,e22884fc01d9066deaeaf65069a3b97c.tiff,../static/medical_images/pandaTiles/e22884fc01d9066deaeaf65069a3b97c/e22884fc01d9066deaeaf65069a3b97c.dzi,115,,,
P56,ea77b6c6a266751e19cb3d858d096136.tiff,../static/medical_images/pandaTiles/ea77b6c6a266751e19cb3d858d096136/ea77b6c6a266751e19cb3d858d096136.dzi,116,,,
P57,ef528624c588c2f9d04c79d400f1aacc.tiff,../static/medical_images/pandaTiles/ef528624c588c2f9d04c79d400f1aacc/ef528624c588c2f9d04c79d400f1aacc.dzi,117,,,
P58,f480b897adfe65f572f79d9f8d45ac9e.tiff,../static/medical_images/pandaTiles/f480b897adfe65f572f79d9f8d45ac9e/f480b897adfe65f572f79d9f8d45ac9e.dzi,118,,,
P59,fc7ed93be0f56dad8a6e9d2951ac1d01.tiff,../static/medical_images/pandaTiles/fc7ed93be0f56dad8a6e9d2951ac1d01/fc7ed93be0f56dad8a6e9d2951ac1d01.dzi,119,,,
P60,fd4fbeeff2ad449dc7c8e6194a4f8403.tiff,../static/medical_images/pandaTiles/fd4fbeeff2ad449dc7c8e6194a4f8403/fd4fbeeff2ad449dc7c8e6194a4f8403.dzi,120,,,
