M_label_id,M_label_name,M_label_type,M_label_parent,M_label_abbr,O_label_bbox,O_label_required,O_label_placeholder,O_label_icon,O_label_color
lab_1,Mark all tumors (if any) on the image,0,root,Mark,,,,,
lab_2,Tumor,5,lab_1,Tumor,,,,,#408558
lab_3,Benign,5,lab_1,Normal,,,,,#316cf4
lab_5,Diagnosis,0,root,GradeCancer,,1,,,
lab_7,Atypical,2,lab_5,Aty,,,,,
lab_8,Neoplastic,2,lab_5,Neo,,,,,
lab_6,Malignant,2,lab_5,Ben,,,,,
lab_9,Benign,2,lab_5,Mal,,,,,
lab_10,What is the Gleason grading?,0,root,Glea,,1,,,
lab_11,6 (3+3),2,lab_10,6,,,,,
lab_12,7 (3+4),2,lab_10,73,,,,,
lab_13,7 (4+3),2,lab_10,74,,,,,
lab_14,9 (4+5),2,lab_10,94,,,,,
lab_15,9 (5+4),2,lab_10,95,,,,,
lab_16,10 (5+5),2,lab_10,105,,,,,
lab_17,Decision notes,0,root,Dia,,,,,
lab_18,,3,lab_17,Com,,,,,
