﻿id,username,email,password,is_admin,assignment,anno_index,anno_bbox_index,user_color,log
1,Rui,lirui9601@gmail.com,$2b$12$Gaa2FJZOGU5nWe7dvXXn0uvi8mj2vh4h70GdJATcDDGLordDfcvqm,1,TC1;TC2;C1;C2;C3;C4;C5;C6;C7;C8;C9;C10;C11;C12;C13;C14;C15;C16;C17;C18;C19;C20;C21;C22;C23;C24;C25;C26;C27;C28;C29;C30;C31;C32;C33;C34;C35;C36;C37;C38;C39;C40;C41;C42;C43;C44;C45;C46;C47;C48;C49;C50;C51;C52;C53;C54;C55;C56;C57;C58;C59;C60;P1;P2;P3;P4;P5;P6;P7;P8;P9;P10;P11;P12;P13;P14;P15;P16;P17;P18;P19;P20;P21;P22;P23;P24;P25;P26;P27;P28;P29;P30;P31;P32;P33;P34;P35;P36;P37;P38;P39;P40;P41;P42;P43;P44;P45;P46;P47;P48;P49;P50;P51;P52;P53;P54;P55;P56;P57;P58;P59;P60,0,0,,
2,Jian,,$2b$12$Faz2CgY4rCBdDvEzZT9kZufyGEoWg7X16OtE6vSp5.QRtpdQ3E6NK,0,TC1;TC2;C1;C2;C3;C4;C5;C6;C7;C8;C9;C10;C11;C12;C13;C14;C15;C16;C17;C18;C19;C20;C21;C22;C23;C24;C25;C26;C27;C28;C29;C30;C31;C32;C33;C34;C35;C36;C37;C38;C39;C40;C41;C42;C43;C44;C45;C46;C47;C48;C49;C50;C51;C52;C53;C54;C55;C56;C57;C58;C59;C60;P1;P2;P3;P4;P5;P6;P7;P8;P9;P10;P11;P12;P13;P14;P15;P16;P17;P18;P19;P20;P21;P22;P23;P24;P25;P26;P27;P28;P29;P30;P31;P32;P33;P34;P35;P36;P37;P38;P39;P40;P41;P42;P43;P44;P45;P46;P47;P48;P49;P50;P51;P52;P53;P54;P55;P56;P57;P58;P59;P60,0,0,,
3,P1,,$2b$12$NUzv.O179JFKoEhqGLVrQ.DR4yQd//sAlEqvztnff.ld6gHHMsQMi,0,TC1;TC2;C1;C2;C3;C4;C5;C6;C7;C8;C9;C10;C11;C12;C13;C14;C15;C16;C17;C18;C19;C20;C21;C22;C23;C24;C25;C26;C27;C28;C29;C30;C31;C32;C33;C34;C35;C36;C37;C38;C39;C40;C41;C42;C43;C44;C45;C46;C47;C48;C49;C50;C51;C52;C53;C54;C55;C56;C57;C58;C59;C60;P1;P2;P3;P4;P5;P6;P7;P8;P9;P10;P11;P12;P13;P14;P15;P16;P17;P18;P19;P20;P21;P22;P23;P24;P25;P26;P27;P28;P29;P30;P31;P32;P33;P34;P35;P36;P37;P38;P39;P40;P41;P42;P43;P44;P45;P46;P47;P48;P49;P50;P51;P52;P53;P54;P55;P56;P57;P58;P59;P60,63,0,,
4,P2,,$2b$12$I.7W4FoMnw4GjsCSM.DJb.q9/ymNt5hOHNw6iXWgDcObIPM531Vke,0,TC1;TC2;C1;C2;C3;C4;C5;C6;C7;C8;C9;C10;C11;C12;C13;C14;C15;C16;C17;C18;C19;C20;C21;C22;C23;C24;C25;C26;C27;C28;C29;C30;C31;C32;C33;C34;C35;C36;C37;C38;C39;C40;C41;C42;C43;C44;C45;C46;C47;C48;C49;C50;C51;C52;C53;C54;C55;C56;C57;C58;C59;C60;P1;P2;P3;P4;P5;P6;P7;P8;P9;P10;P11;P12;P13;P14;P15;P16;P17;P18;P19;P20;P21;P22;P23;P24;P25;P26;P27;P28;P29;P30;P31;P32;P33;P34;P35;P36;P37;P38;P39;P40;P41;P42;P43;P44;P45;P46;P47;P48;P49;P50;P51;P52;P53;P54;P55;P56;P57;P58;P59;P60,2,0,,
5,P3,,$2b$12$HgpGxYILYihsMC4WorFbBu/.tLtSHH79lmHXnwKrHZtxIB0Jx9.NS,0,TC1;TC2;C1;C2;C3;C4;C5;C6;C7;C8;C9;C10;C11;C12;C13;C14;C15;C16;C17;C18;C19;C20;C21;C22;C23;C24;C25;C26;C27;C28;C29;C30;C31;C32;C33;C34;C35;C36;C37;C38;C39;C40;C41;C42;C43;C44;C45;C46;C47;C48;C49;C50;C51;C52;C53;C54;C55;C56;C57;C58;C59;C60;P1;P2;P3;P4;P5;P6;P7;P8;P9;P10;P11;P12;P13;P14;P15;P16;P17;P18;P19;P20;P21;P22;P23;P24;P25;P26;P27;P28;P29;P30;P31;P32;P33;P34;P35;P36;P37;P38;P39;P40;P41;P42;P43;P44;P45;P46;P47;P48;P49;P50;P51;P52;P53;P54;P55;P56;P57;P58;P59;P60,0,0,,
6,P4,,$2b$12$Rq82bvCWWr7XLet/oQJk0uFhoymQYK4VD8dqhCMZVpiOAqal.wuyq,0,TC1;TC2;C1;C2;C3;C4;C5;C6;C7;C8;C9;C10;C11;C12;C13;C14;C15;C16;C17;C18;C19;C20;C21;C22;C23;C24;C25;C26;C27;C28;C29;C30;C31;C32;C33;C34;C35;C36;C37;C38;C39;C40;C41;C42;C43;C44;C45;C46;C47;C48;C49;C50;C51;C52;C53;C54;C55;C56;C57;C58;C59;C60;P1;P2;P3;P4;P5;P6;P7;P8;P9;P10;P11;P12;P13;P14;P15;P16;P17;P18;P19;P20;P21;P22;P23;P24;P25;P26;P27;P28;P29;P30;P31;P32;P33;P34;P35;P36;P37;P38;P39;P40;P41;P42;P43;P44;P45;P46;P47;P48;P49;P50;P51;P52;P53;P54;P55;P56;P57;P58;P59;P60,0,0,,
7,P5,,$2b$12$HPMLTcdqwrIJkcoH72ELBeDzt54JGYcqvX60iqrkQD34xTbcg42TG,0,TC1;TC2;C1;C2;C3;C4;C5;C6;C7;C8;C9;C10;C11;C12;C13;C14;C15;C16;C17;C18;C19;C20;C21;C22;C23;C24;C25;C26;C27;C28;C29;C30;C31;C32;C33;C34;C35;C36;C37;C38;C39;C40;C41;C42;C43;C44;C45;C46;C47;C48;C49;C50;C51;C52;C53;C54;C55;C56;C57;C58;C59;C60;P1;P2;P3;P4;P5;P6;P7;P8;P9;P10;P11;P12;P13;P14;P15;P16;P17;P18;P19;P20;P21;P22;P23;P24;P25;P26;P27;P28;P29;P30;P31;P32;P33;P34;P35;P36;P37;P38;P39;P40;P41;P42;P43;P44;P45;P46;P47;P48;P49;P50;P51;P52;P53;P54;P55;P56;P57;P58;P59;P60,0,0,,
8,P6,,$2b$12$7NnHzQCNuRJosO6Rp7UciuK0rWJv5MAheTaOK1LwL.dP3PO0xaE.e,0,TC1;TC2;C1;C2;C3;C4;C5;C6;C7;C8;C9;C10;C11;C12;C13;C14;C15;C16;C17;C18;C19;C20;C21;C22;C23;C24;C25;C26;C27;C28;C29;C30;C31;C32;C33;C34;C35;C36;C37;C38;C39;C40;C41;C42;C43;C44;C45;C46;C47;C48;C49;C50;C51;C52;C53;C54;C55;C56;C57;C58;C59;C60;P1;P2;P3;P4;P5;P6;P7;P8;P9;P10;P11;P12;P13;P14;P15;P16;P17;P18;P19;P20;P21;P22;P23;P24;P25;P26;P27;P28;P29;P30;P31;P32;P33;P34;P35;P36;P37;P38;P39;P40;P41;P42;P43;P44;P45;P46;P47;P48;P49;P50;P51;P52;P53;P54;P55;P56;P57;P58;P59;P60,0,0,,
9,P7,,$2b$12$SvtB6c1HgDnvtMQ04317zeTV.wZKcb2cPYLbfTxzlB7W3TgM2OY0u,0,TC1;TC2;C1;C2;C3;C4;C5;C6;C7;C8;C9;C10;C11;C12;C13;C14;C15;C16;C17;C18;C19;C20;C21;C22;C23;C24;C25;C26;C27;C28;C29;C30;C31;C32;C33;C34;C35;C36;C37;C38;C39;C40;C41;C42;C43;C44;C45;C46;C47;C48;C49;C50;C51;C52;C53;C54;C55;C56;C57;C58;C59;C60;P1;P2;P3;P4;P5;P6;P7;P8;P9;P10;P11;P12;P13;P14;P15;P16;P17;P18;P19;P20;P21;P22;P23;P24;P25;P26;P27;P28;P29;P30;P31;P32;P33;P34;P35;P36;P37;P38;P39;P40;P41;P42;P43;P44;P45;P46;P47;P48;P49;P50;P51;P52;P53;P54;P55;P56;P57;P58;P59;P60,0,0,,
10,P8,,$2b$12$.2mIQmo0Asun6komsZuT.OKW3PmshuuJ68b2PHm6BEZET8GnjCxQ6,0,TC1;TC2;C1;C2;C3;C4;C5;C6;C7;C8;C9;C10;C11;C12;C13;C14;C15;C16;C17;C18;C19;C20;C21;C22;C23;C24;C25;C26;C27;C28;C29;C30;C31;C32;C33;C34;C35;C36;C37;C38;C39;C40;C41;C42;C43;C44;C45;C46;C47;C48;C49;C50;C51;C52;C53;C54;C55;C56;C57;C58;C59;C60;P1;P2;P3;P4;P5;P6;P7;P8;P9;P10;P11;P12;P13;P14;P15;P16;P17;P18;P19;P20;P21;P22;P23;P24;P25;P26;P27;P28;P29;P30;P31;P32;P33;P34;P35;P36;P37;P38;P39;P40;P41;P42;P43;P44;P45;P46;P47;P48;P49;P50;P51;P52;P53;P54;P55;P56;P57;P58;P59;P60,0,0,,
11,P9,,$2b$12$8t93./9XNAdtRAs2sBcQzesHfI.bFcq26o/phkAV2YeYO988OCcf6,0,TC1;TC2;C1;C2;C3;C4;C5;C6;C7;C8;C9;C10;C11;C12;C13;C14;C15;C16;C17;C18;C19;C20;C21;C22;C23;C24;C25;C26;C27;C28;C29;C30;C31;C32;C33;C34;C35;C36;C37;C38;C39;C40;C41;C42;C43;C44;C45;C46;C47;C48;C49;C50;C51;C52;C53;C54;C55;C56;C57;C58;C59;C60;P1;P2;P3;P4;P5;P6;P7;P8;P9;P10;P11;P12;P13;P14;P15;P16;P17;P18;P19;P20;P21;P22;P23;P24;P25;P26;P27;P28;P29;P30;P31;P32;P33;P34;P35;P36;P37;P38;P39;P40;P41;P42;P43;P44;P45;P46;P47;P48;P49;P50;P51;P52;P53;P54;P55;P56;P57;P58;P59;P60,0,0,,
12,P10,,$2b$12$6DOv2/FB2JC5nBl8ADcLYe3xj4I.elrtXxpHlE.rf2.IqjjWDjlLG,0,TC1;TC2;C1;C2;C3;C4;C5;C6;C7;C8;C9;C10;C11;C12;C13;C14;C15;C16;C17;C18;C19;C20;C21;C22;C23;C24;C25;C26;C27;C28;C29;C30;C31;C32;C33;C34;C35;C36;C37;C38;C39;C40;C41;C42;C43;C44;C45;C46;C47;C48;C49;C50;C51;C52;C53;C54;C55;C56;C57;C58;C59;C60;P1;P2;P3;P4;P5;P6;P7;P8;P9;P10;P11;P12;P13;P14;P15;P16;P17;P18;P19;P20;P21;P22;P23;P24;P25;P26;P27;P28;P29;P30;P31;P32;P33;P34;P35;P36;P37;P38;P39;P40;P41;P42;P43;P44;P45;P46;P47;P48;P49;P50;P51;P52;P53;P54;P55;P56;P57;P58;P59;P60,0,0,,
13,P11,,$2b$12$OFRWP7oxvmtQoEUDEUjpEOm6sCwFapMdWI4.5viQv5eoj4yHwgUnW,0,TC1;TC2;C1;C2;C3;C4;C5;C6;C7;C8;C9;C10;C11;C12;C13;C14;C15;C16;C17;C18;C19;C20;C21;C22;C23;C24;C25;C26;C27;C28;C29;C30;C31;C32;C33;C34;C35;C36;C37;C38;C39;C40;C41;C42;C43;C44;C45;C46;C47;C48;C49;C50;C51;C52;C53;C54;C55;C56;C57;C58;C59;C60;P1;P2;P3;P4;P5;P6;P7;P8;P9;P10;P11;P12;P13;P14;P15;P16;P17;P18;P19;P20;P21;P22;P23;P24;P25;P26;P27;P28;P29;P30;P31;P32;P33;P34;P35;P36;P37;P38;P39;P40;P41;P42;P43;P44;P45;P46;P47;P48;P49;P50;P51;P52;P53;P54;P55;P56;P57;P58;P59;P60,0,0,,
14,P12,,$2b$12$Q.7DSOL0T5yBXddHkkZwd.HJbaWKCrEpiDgC01ySxkVKuQNE8Uz9q,0,TC1;TC2;C1;C2;C3;C4;C5;C6;C7;C8;C9;C10;C11;C12;C13;C14;C15;C16;C17;C18;C19;C20;C21;C22;C23;C24;C25;C26;C27;C28;C29;C30;C31;C32;C33;C34;C35;C36;C37;C38;C39;C40;C41;C42;C43;C44;C45;C46;C47;C48;C49;C50;C51;C52;C53;C54;C55;C56;C57;C58;C59;C60;P1;P2;P3;P4;P5;P6;P7;P8;P9;P10;P11;P12;P13;P14;P15;P16;P17;P18;P19;P20;P21;P22;P23;P24;P25;P26;P27;P28;P29;P30;P31;P32;P33;P34;P35;P36;P37;P38;P39;P40;P41;P42;P43;P44;P45;P46;P47;P48;P49;P50;P51;P52;P53;P54;P55;P56;P57;P58;P59;P60,0,0,,
15,P13,,$2b$12$H8uQW9P4VWGGX29WAZWnjOqAuumC.uk6zCbVqaDjcg.RV3k/RnTJa,0,TC1;TC2;C1;C2;C3;C4;C5;C6;C7;C8;C9;C10;C11;C12;C13;C14;C15;C16;C17;C18;C19;C20;C21;C22;C23;C24;C25;C26;C27;C28;C29;C30;C31;C32;C33;C34;C35;C36;C37;C38;C39;C40;C41;C42;C43;C44;C45;C46;C47;C48;C49;C50;C51;C52;C53;C54;C55;C56;C57;C58;C59;C60;P1;P2;P3;P4;P5;P6;P7;P8;P9;P10;P11;P12;P13;P14;P15;P16;P17;P18;P19;P20;P21;P22;P23;P24;P25;P26;P27;P28;P29;P30;P31;P32;P33;P34;P35;P36;P37;P38;P39;P40;P41;P42;P43;P44;P45;P46;P47;P48;P49;P50;P51;P52;P53;P54;P55;P56;P57;P58;P59;P60,0,0,,
16,P14,,$2b$12$l/DvUBb0q1NIuhR9uE1Rf.EMpk1Z32qu0oeViZ0Bhs0.hSjBFvly.,0,TC1;TC2;C1;C2;C3;C4;C5;C6;C7;C8;C9;C10;C11;C12;C13;C14;C15;C16;C17;C18;C19;C20;C21;C22;C23;C24;C25;C26;C27;C28;C29;C30;C31;C32;C33;C34;C35;C36;C37;C38;C39;C40;C41;C42;C43;C44;C45;C46;C47;C48;C49;C50;C51;C52;C53;C54;C55;C56;C57;C58;C59;C60;P1;P2;P3;P4;P5;P6;P7;P8;P9;P10;P11;P12;P13;P14;P15;P16;P17;P18;P19;P20;P21;P22;P23;P24;P25;P26;P27;P28;P29;P30;P31;P32;P33;P34;P35;P36;P37;P38;P39;P40;P41;P42;P43;P44;P45;P46;P47;P48;P49;P50;P51;P52;P53;P54;P55;P56;P57;P58;P59;P60,0,0,,
17,P15,,$2b$12$Gbm0fWQRPcxAiUGHjdBdWORvsJydv2xlW4Ey6KZWyokio7GYYEKh.,0,TC1;TC2;C1;C2;C3;C4;C5;C6;C7;C8;C9;C10;C11;C12;C13;C14;C15;C16;C17;C18;C19;C20;C21;C22;C23;C24;C25;C26;C27;C28;C29;C30;C31;C32;C33;C34;C35;C36;C37;C38;C39;C40;C41;C42;C43;C44;C45;C46;C47;C48;C49;C50;C51;C52;C53;C54;C55;C56;C57;C58;C59;C60;P1;P2;P3;P4;P5;P6;P7;P8;P9;P10;P11;P12;P13;P14;P15;P16;P17;P18;P19;P20;P21;P22;P23;P24;P25;P26;P27;P28;P29;P30;P31;P32;P33;P34;P35;P36;P37;P38;P39;P40;P41;P42;P43;P44;P45;P46;P47;P48;P49;P50;P51;P52;P53;P54;P55;P56;P57;P58;P59;P60,0,0,,
18,P16,,$2b$12$AhSLoIA9tJDlzvBPFSdUleFeipOPsKtSKe8RK9FJEYX5H2n/torZG,0,TC1;TC2;C1;C2;C3;C4;C5;C6;C7;C8;C9;C10;C11;C12;C13;C14;C15;C16;C17;C18;C19;C20;C21;C22;C23;C24;C25;C26;C27;C28;C29;C30;C31;C32;C33;C34;C35;C36;C37;C38;C39;C40;C41;C42;C43;C44;C45;C46;C47;C48;C49;C50;C51;C52;C53;C54;C55;C56;C57;C58;C59;C60;P1;P2;P3;P4;P5;P6;P7;P8;P9;P10;P11;P12;P13;P14;P15;P16;P17;P18;P19;P20;P21;P22;P23;P24;P25;P26;P27;P28;P29;P30;P31;P32;P33;P34;P35;P36;P37;P38;P39;P40;P41;P42;P43;P44;P45;P46;P47;P48;P49;P50;P51;P52;P53;P54;P55;P56;P57;P58;P59;P60,0,0,,
19,P17,,$2b$12$UqjLIUOHel2pHigg4.qJ2OOUPpHLBw27WDtSSl4xHMnwZrgdU2ByS,0,TC1;TC2;C1;C2;C3;C4;C5;C6;C7;C8;C9;C10;C11;C12;C13;C14;C15;C16;C17;C18;C19;C20;C21;C22;C23;C24;C25;C26;C27;C28;C29;C30;C31;C32;C33;C34;C35;C36;C37;C38;C39;C40;C41;C42;C43;C44;C45;C46;C47;C48;C49;C50;C51;C52;C53;C54;C55;C56;C57;C58;C59;C60;P1;P2;P3;P4;P5;P6;P7;P8;P9;P10;P11;P12;P13;P14;P15;P16;P17;P18;P19;P20;P21;P22;P23;P24;P25;P26;P27;P28;P29;P30;P31;P32;P33;P34;P35;P36;P37;P38;P39;P40;P41;P42;P43;P44;P45;P46;P47;P48;P49;P50;P51;P52;P53;P54;P55;P56;P57;P58;P59;P60,0,0,,
20,P18,,$2b$12$kQcYrF7489zUrKHCDwVhgO1KGLzioBafJq4mOOoR2BBNegkGqLb4W,0,TC1;TC2;C1;C2;C3;C4;C5;C6;C7;C8;C9;C10;C11;C12;C13;C14;C15;C16;C17;C18;C19;C20;C21;C22;C23;C24;C25;C26;C27;C28;C29;C30;C31;C32;C33;C34;C35;C36;C37;C38;C39;C40;C41;C42;C43;C44;C45;C46;C47;C48;C49;C50;C51;C52;C53;C54;C55;C56;C57;C58;C59;C60;P1;P2;P3;P4;P5;P6;P7;P8;P9;P10;P11;P12;P13;P14;P15;P16;P17;P18;P19;P20;P21;P22;P23;P24;P25;P26;P27;P28;P29;P30;P31;P32;P33;P34;P35;P36;P37;P38;P39;P40;P41;P42;P43;P44;P45;P46;P47;P48;P49;P50;P51;P52;P53;P54;P55;P56;P57;P58;P59;P60,0,0,,
21,P19,,$2b$12$m4i/jbvT3mwg8Clrd.LzOu3cusN3K6RIhWEyZ4TUWh/lQaqjOcrSm,0,TC1;TC2;C1;C2;C3;C4;C5;C6;C7;C8;C9;C10;C11;C12;C13;C14;C15;C16;C17;C18;C19;C20;C21;C22;C23;C24;C25;C26;C27;C28;C29;C30;C31;C32;C33;C34;C35;C36;C37;C38;C39;C40;C41;C42;C43;C44;C45;C46;C47;C48;C49;C50;C51;C52;C53;C54;C55;C56;C57;C58;C59;C60;P1;P2;P3;P4;P5;P6;P7;P8;P9;P10;P11;P12;P13;P14;P15;P16;P17;P18;P19;P20;P21;P22;P23;P24;P25;P26;P27;P28;P29;P30;P31;P32;P33;P34;P35;P36;P37;P38;P39;P40;P41;P42;P43;P44;P45;P46;P47;P48;P49;P50;P51;P52;P53;P54;P55;P56;P57;P58;P59;P60,0,0,,
22,P20,,$2b$12$ZroA8Ja3YQ3Ju0KZDPZeZeCZzLEb8vPw3evN/nKavLNbDrwMkU1tm,0,TC1;TC2;C1;C2;C3;C4;C5;C6;C7;C8;C9;C10;C11;C12;C13;C14;C15;C16;C17;C18;C19;C20;C21;C22;C23;C24;C25;C26;C27;C28;C29;C30;C31;C32;C33;C34;C35;C36;C37;C38;C39;C40;C41;C42;C43;C44;C45;C46;C47;C48;C49;C50;C51;C52;C53;C54;C55;C56;C57;C58;C59;C60;P1;P2;P3;P4;P5;P6;P7;P8;P9;P10;P11;P12;P13;P14;P15;P16;P17;P18;P19;P20;P21;P22;P23;P24;P25;P26;P27;P28;P29;P30;P31;P32;P33;P34;P35;P36;P37;P38;P39;P40;P41;P42;P43;P44;P45;P46;P47;P48;P49;P50;P51;P52;P53;P54;P55;P56;P57;P58;P59;P60,0,0,,
