﻿id,username,email,password,is_admin,assignment,anno_index,anno_bbox_index,user_color,log
1,Rui,lirui9601@gmail.com,$2b$12$Gaa2FJZOGU5nWe7dvXXn0uvi8mj2vh4h70GdJATcDDGLordDfcvqm,1,TC1;TC2;C1;C2;C3;C4;C5;C6;C7;C8;C9;C10;C11;C12;C13;C14;C15;C16;C17;C18;C19;C20;C21;C22;C23;C24;C25;C26;C27;C28;C29;C30;C31;C32;C33;C34;C35;C36;C37;C38;C39;C40;C41;C42;C43;C44;C45;C46;C47;C48;C49;C50;C51;C52;C53;C54;C55;C56;C57;C58;C59;C60;P1;P2;P3;P4;P5;P6;P7;P8;P9;P10;P11;P12;P13;P14;P15;P16;P17;P18;P19;P20;P21;P22;P23;P24;P25;P26;P27;P28;P29;P30;P31;P32;P33;P34;P35;P36;P37;P38;P39;P40;P41;P42;P43;P44;P45;P46;P47;P48;P49;P50;P51;P52;P53;P54;P55;P56;P57;P58;P59;P60,10,0,,
2,Jian,,$2b$12$aqVbTGp012SSpR9sXYX4NO2RsokezKii2VlC/q8IAAy9C7LxSQLYu,0,TC1;TC2;C1;C2;C3;C4;C5;C6;C7;C8;C9;C10;C11;C12;C13;C14;C15;C16;C17;C18;C19;C20;C21;C22;C23;C24;C25;C26;C27;C28;C29;C30;C31;C32;C33;C34;C35;C36;C37;C38;C39;C40;C41;C42;C43;C44;C45;C46;C47;C48;C49;C50;C51;C52;C53;C54;C55;C56;C57;C58;C59;C60;P1;P2;P3;P4;P5;P6;P7;P8;P9;P10;P11;P12;P13;P14;P15;P16;P17;P18;P19;P20;P21;P22;P23;P24;P25;P26;P27;P28;P29;P30;P31;P32;P33;P34;P35;P36;P37;P38;P39;P40;P41;P42;P43;P44;P45;P46;P47;P48;P49;P50;P51;P52;P53;P54;P55;P56;P57;P58;P59;P60,0,0,,
3,P1,,$2b$12$LAIC0tUp6FymdR3.1iUDh.YarpdYnB5vx2BPpeC2JUmYNBuX8TMRO,0,TC1;TC2;C1;C2;C3;C4;C5;C6;C7;C8;C9;C10;C11;C12;C13;C14;C15;C16;C17;C18;C19;C20;C21;C22;C23;C24;C25;C26;C27;C28;C29;C30;C31;C32;C33;C34;C35;C36;C37;C38;C39;C40;C41;C42;C43;C44;C45;C46;C47;C48;C49;C50;C51;C52;C53;C54;C55;C56;C57;C58;C59;C60;P1;P2;P3;P4;P5;P6;P7;P8;P9;P10;P11;P12;P13;P14;P15;P16;P17;P18;P19;P20;P21;P22;P23;P24;P25;P26;P27;P28;P29;P30;P31;P32;P33;P34;P35;P36;P37;P38;P39;P40;P41;P42;P43;P44;P45;P46;P47;P48;P49;P50;P51;P52;P53;P54;P55;P56;P57;P58;P59;P60,0,0,,
4,P2,,$2b$12$ALdfgomYOzk0aygGChfLfOrG8gOt00hxCbNvafiSqz4mrllQK5Nra,0,TC1;TC2;C1;C2;C3;C4;C5;C6;C7;C8;C9;C10;C11;C12;C13;C14;C15;C16;C17;C18;C19;C20;C21;C22;C23;C24;C25;C26;C27;C28;C29;C30;C31;C32;C33;C34;C35;C36;C37;C38;C39;C40;C41;C42;C43;C44;C45;C46;C47;C48;C49;C50;C51;C52;C53;C54;C55;C56;C57;C58;C59;C60;P1;P2;P3;P4;P5;P6;P7;P8;P9;P10;P11;P12;P13;P14;P15;P16;P17;P18;P19;P20;P21;P22;P23;P24;P25;P26;P27;P28;P29;P30;P31;P32;P33;P34;P35;P36;P37;P38;P39;P40;P41;P42;P43;P44;P45;P46;P47;P48;P49;P50;P51;P52;P53;P54;P55;P56;P57;P58;P59;P60,0,0,,
5,P3,,$2b$12$RYx.gFCwMH5K1wPJLykC2OYslkwKgrfsQbjC.Hz4HReWBXhaeUQ/e,0,TC1;TC2;C1;C2;C3;C4;C5;C6;C7;C8;C9;C10;C11;C12;C13;C14;C15;C16;C17;C18;C19;C20;C21;C22;C23;C24;C25;C26;C27;C28;C29;C30;C31;C32;C33;C34;C35;C36;C37;C38;C39;C40;C41;C42;C43;C44;C45;C46;C47;C48;C49;C50;C51;C52;C53;C54;C55;C56;C57;C58;C59;C60;P1;P2;P3;P4;P5;P6;P7;P8;P9;P10;P11;P12;P13;P14;P15;P16;P17;P18;P19;P20;P21;P22;P23;P24;P25;P26;P27;P28;P29;P30;P31;P32;P33;P34;P35;P36;P37;P38;P39;P40;P41;P42;P43;P44;P45;P46;P47;P48;P49;P50;P51;P52;P53;P54;P55;P56;P57;P58;P59;P60,0,0,,
6,P4,,$2b$12$Dwj9W4mg3f80n..2RxFVj.bvBni.ZC7TP02K8JFpdP1T55AknI9c.,0,TC1;TC2;C1;C2;C3;C4;C5;C6;C7;C8;C9;C10;C11;C12;C13;C14;C15;C16;C17;C18;C19;C20;C21;C22;C23;C24;C25;C26;C27;C28;C29;C30;C31;C32;C33;C34;C35;C36;C37;C38;C39;C40;C41;C42;C43;C44;C45;C46;C47;C48;C49;C50;C51;C52;C53;C54;C55;C56;C57;C58;C59;C60;P1;P2;P3;P4;P5;P6;P7;P8;P9;P10;P11;P12;P13;P14;P15;P16;P17;P18;P19;P20;P21;P22;P23;P24;P25;P26;P27;P28;P29;P30;P31;P32;P33;P34;P35;P36;P37;P38;P39;P40;P41;P42;P43;P44;P45;P46;P47;P48;P49;P50;P51;P52;P53;P54;P55;P56;P57;P58;P59;P60,0,0,,
7,P5,,$2b$12$lf0dg0ooYTZwXIHU1/WekegfBObDgJFcdXEtiwxVFZE71akLKY.sS,0,TC1;TC2;C1;C2;C3;C4;C5;C6;C7;C8;C9;C10;C11;C12;C13;C14;C15;C16;C17;C18;C19;C20;C21;C22;C23;C24;C25;C26;C27;C28;C29;C30;C31;C32;C33;C34;C35;C36;C37;C38;C39;C40;C41;C42;C43;C44;C45;C46;C47;C48;C49;C50;C51;C52;C53;C54;C55;C56;C57;C58;C59;C60;P1;P2;P3;P4;P5;P6;P7;P8;P9;P10;P11;P12;P13;P14;P15;P16;P17;P18;P19;P20;P21;P22;P23;P24;P25;P26;P27;P28;P29;P30;P31;P32;P33;P34;P35;P36;P37;P38;P39;P40;P41;P42;P43;P44;P45;P46;P47;P48;P49;P50;P51;P52;P53;P54;P55;P56;P57;P58;P59;P60,0,0,,
8,P6,,$2b$12$BoFTYT8nbfuR3mpRQUGPR.hbwrjrqo9d8VPR.C5je.GUXGEAXy87K,0,TC1;TC2;C1;C2;C3;C4;C5;C6;C7;C8;C9;C10;C11;C12;C13;C14;C15;C16;C17;C18;C19;C20;C21;C22;C23;C24;C25;C26;C27;C28;C29;C30;C31;C32;C33;C34;C35;C36;C37;C38;C39;C40;C41;C42;C43;C44;C45;C46;C47;C48;C49;C50;C51;C52;C53;C54;C55;C56;C57;C58;C59;C60;P1;P2;P3;P4;P5;P6;P7;P8;P9;P10;P11;P12;P13;P14;P15;P16;P17;P18;P19;P20;P21;P22;P23;P24;P25;P26;P27;P28;P29;P30;P31;P32;P33;P34;P35;P36;P37;P38;P39;P40;P41;P42;P43;P44;P45;P46;P47;P48;P49;P50;P51;P52;P53;P54;P55;P56;P57;P58;P59;P60,0,0,,
9,P7,,$2b$12$pYAAn7lVGiLrZFEo/cxqFOu0.5IobbyfM1Ll7EAn7b1lM17mKAAki,0,TC1;TC2;C1;C2;C3;C4;C5;C6;C7;C8;C9;C10;C11;C12;C13;C14;C15;C16;C17;C18;C19;C20;C21;C22;C23;C24;C25;C26;C27;C28;C29;C30;C31;C32;C33;C34;C35;C36;C37;C38;C39;C40;C41;C42;C43;C44;C45;C46;C47;C48;C49;C50;C51;C52;C53;C54;C55;C56;C57;C58;C59;C60;P1;P2;P3;P4;P5;P6;P7;P8;P9;P10;P11;P12;P13;P14;P15;P16;P17;P18;P19;P20;P21;P22;P23;P24;P25;P26;P27;P28;P29;P30;P31;P32;P33;P34;P35;P36;P37;P38;P39;P40;P41;P42;P43;P44;P45;P46;P47;P48;P49;P50;P51;P52;P53;P54;P55;P56;P57;P58;P59;P60,0,0,,
10,P8,,$2b$12$9ZPm/ge5xIUIDW3GCmG/L.9E6aflTVpgrTfkZsYAeegKKDTTKJ702,0,TC1;TC2;C1;C2;C3;C4;C5;C6;C7;C8;C9;C10;C11;C12;C13;C14;C15;C16;C17;C18;C19;C20;C21;C22;C23;C24;C25;C26;C27;C28;C29;C30;C31;C32;C33;C34;C35;C36;C37;C38;C39;C40;C41;C42;C43;C44;C45;C46;C47;C48;C49;C50;C51;C52;C53;C54;C55;C56;C57;C58;C59;C60;P1;P2;P3;P4;P5;P6;P7;P8;P9;P10;P11;P12;P13;P14;P15;P16;P17;P18;P19;P20;P21;P22;P23;P24;P25;P26;P27;P28;P29;P30;P31;P32;P33;P34;P35;P36;P37;P38;P39;P40;P41;P42;P43;P44;P45;P46;P47;P48;P49;P50;P51;P52;P53;P54;P55;P56;P57;P58;P59;P60,0,0,,
11,P9,,$2b$12$QM6p4yL8Y5m8u1C1tYoSXO8NxIGDhpLdEnpcypodhgk19v/AA2MmC,0,TC1;TC2;C1;C2;C3;C4;C5;C6;C7;C8;C9;C10;C11;C12;C13;C14;C15;C16;C17;C18;C19;C20;C21;C22;C23;C24;C25;C26;C27;C28;C29;C30;C31;C32;C33;C34;C35;C36;C37;C38;C39;C40;C41;C42;C43;C44;C45;C46;C47;C48;C49;C50;C51;C52;C53;C54;C55;C56;C57;C58;C59;C60;P1;P2;P3;P4;P5;P6;P7;P8;P9;P10;P11;P12;P13;P14;P15;P16;P17;P18;P19;P20;P21;P22;P23;P24;P25;P26;P27;P28;P29;P30;P31;P32;P33;P34;P35;P36;P37;P38;P39;P40;P41;P42;P43;P44;P45;P46;P47;P48;P49;P50;P51;P52;P53;P54;P55;P56;P57;P58;P59;P60,0,0,,
12,P10,,$2b$12$ihRXFc2/zYCJteAWARbxD.8dTBKzC5Qugm0dU/3X5UuOuv9qjKSsW,0,TC1;TC2;C1;C2;C3;C4;C5;C6;C7;C8;C9;C10;C11;C12;C13;C14;C15;C16;C17;C18;C19;C20;C21;C22;C23;C24;C25;C26;C27;C28;C29;C30;C31;C32;C33;C34;C35;C36;C37;C38;C39;C40;C41;C42;C43;C44;C45;C46;C47;C48;C49;C50;C51;C52;C53;C54;C55;C56;C57;C58;C59;C60;P1;P2;P3;P4;P5;P6;P7;P8;P9;P10;P11;P12;P13;P14;P15;P16;P17;P18;P19;P20;P21;P22;P23;P24;P25;P26;P27;P28;P29;P30;P31;P32;P33;P34;P35;P36;P37;P38;P39;P40;P41;P42;P43;P44;P45;P46;P47;P48;P49;P50;P51;P52;P53;P54;P55;P56;P57;P58;P59;P60,0,0,,
13,P11,,$2b$12$MIS8fzksk0a7ZmgSe.w2hu/hVTzPWbUMtfDcL1Z/epN0eGdt39MS2,0,TC1;TC2;C1;C2;C3;C4;C5;C6;C7;C8;C9;C10;C11;C12;C13;C14;C15;C16;C17;C18;C19;C20;C21;C22;C23;C24;C25;C26;C27;C28;C29;C30;C31;C32;C33;C34;C35;C36;C37;C38;C39;C40;C41;C42;C43;C44;C45;C46;C47;C48;C49;C50;C51;C52;C53;C54;C55;C56;C57;C58;C59;C60;P1;P2;P3;P4;P5;P6;P7;P8;P9;P10;P11;P12;P13;P14;P15;P16;P17;P18;P19;P20;P21;P22;P23;P24;P25;P26;P27;P28;P29;P30;P31;P32;P33;P34;P35;P36;P37;P38;P39;P40;P41;P42;P43;P44;P45;P46;P47;P48;P49;P50;P51;P52;P53;P54;P55;P56;P57;P58;P59;P60,0,0,,
14,P12,,$2b$12$JqCwnGq39idgUFfUsATvE.2Ed6L5YcZhyHaJ.sH8MAlkLMrc6wCW2,0,TC1;TC2;C1;C2;C3;C4;C5;C6;C7;C8;C9;C10;C11;C12;C13;C14;C15;C16;C17;C18;C19;C20;C21;C22;C23;C24;C25;C26;C27;C28;C29;C30;C31;C32;C33;C34;C35;C36;C37;C38;C39;C40;C41;C42;C43;C44;C45;C46;C47;C48;C49;C50;C51;C52;C53;C54;C55;C56;C57;C58;C59;C60;P1;P2;P3;P4;P5;P6;P7;P8;P9;P10;P11;P12;P13;P14;P15;P16;P17;P18;P19;P20;P21;P22;P23;P24;P25;P26;P27;P28;P29;P30;P31;P32;P33;P34;P35;P36;P37;P38;P39;P40;P41;P42;P43;P44;P45;P46;P47;P48;P49;P50;P51;P52;P53;P54;P55;P56;P57;P58;P59;P60,0,0,,
15,P13,,$2b$12$hweIg8sqq9dzi6z6/837.elqIf3hjCz/5xjw97UKqMS3WWElo17Ju,0,TC1;TC2;C1;C2;C3;C4;C5;C6;C7;C8;C9;C10;C11;C12;C13;C14;C15;C16;C17;C18;C19;C20;C21;C22;C23;C24;C25;C26;C27;C28;C29;C30;C31;C32;C33;C34;C35;C36;C37;C38;C39;C40;C41;C42;C43;C44;C45;C46;C47;C48;C49;C50;C51;C52;C53;C54;C55;C56;C57;C58;C59;C60;P1;P2;P3;P4;P5;P6;P7;P8;P9;P10;P11;P12;P13;P14;P15;P16;P17;P18;P19;P20;P21;P22;P23;P24;P25;P26;P27;P28;P29;P30;P31;P32;P33;P34;P35;P36;P37;P38;P39;P40;P41;P42;P43;P44;P45;P46;P47;P48;P49;P50;P51;P52;P53;P54;P55;P56;P57;P58;P59;P60,0,0,,
16,P14,,$2b$12$2CJE667a8ug/tash.nw14.pAi1xANh7z1O3C3zRvmUuQUkQD3xcia,0,TC1;TC2;C1;C2;C3;C4;C5;C6;C7;C8;C9;C10;C11;C12;C13;C14;C15;C16;C17;C18;C19;C20;C21;C22;C23;C24;C25;C26;C27;C28;C29;C30;C31;C32;C33;C34;C35;C36;C37;C38;C39;C40;C41;C42;C43;C44;C45;C46;C47;C48;C49;C50;C51;C52;C53;C54;C55;C56;C57;C58;C59;C60;P1;P2;P3;P4;P5;P6;P7;P8;P9;P10;P11;P12;P13;P14;P15;P16;P17;P18;P19;P20;P21;P22;P23;P24;P25;P26;P27;P28;P29;P30;P31;P32;P33;P34;P35;P36;P37;P38;P39;P40;P41;P42;P43;P44;P45;P46;P47;P48;P49;P50;P51;P52;P53;P54;P55;P56;P57;P58;P59;P60,0,0,,
17,P15,,$2b$12$U180Rd725jKXS3dPm6exhezYiqGm5kP11KY4KNpOU5pyXMdsXtB0O,0,TC1;TC2;C1;C2;C3;C4;C5;C6;C7;C8;C9;C10;C11;C12;C13;C14;C15;C16;C17;C18;C19;C20;C21;C22;C23;C24;C25;C26;C27;C28;C29;C30;C31;C32;C33;C34;C35;C36;C37;C38;C39;C40;C41;C42;C43;C44;C45;C46;C47;C48;C49;C50;C51;C52;C53;C54;C55;C56;C57;C58;C59;C60;P1;P2;P3;P4;P5;P6;P7;P8;P9;P10;P11;P12;P13;P14;P15;P16;P17;P18;P19;P20;P21;P22;P23;P24;P25;P26;P27;P28;P29;P30;P31;P32;P33;P34;P35;P36;P37;P38;P39;P40;P41;P42;P43;P44;P45;P46;P47;P48;P49;P50;P51;P52;P53;P54;P55;P56;P57;P58;P59;P60,0,0,,
18,P16,,$2b$12$pqKGoZWbbixE3d2kGEJXp.kL335Xd4hNn83bSg2OYUlXzhNIHKHbu,0,TC1;TC2;C1;C2;C3;C4;C5;C6;C7;C8;C9;C10;C11;C12;C13;C14;C15;C16;C17;C18;C19;C20;C21;C22;C23;C24;C25;C26;C27;C28;C29;C30;C31;C32;C33;C34;C35;C36;C37;C38;C39;C40;C41;C42;C43;C44;C45;C46;C47;C48;C49;C50;C51;C52;C53;C54;C55;C56;C57;C58;C59;C60;P1;P2;P3;P4;P5;P6;P7;P8;P9;P10;P11;P12;P13;P14;P15;P16;P17;P18;P19;P20;P21;P22;P23;P24;P25;P26;P27;P28;P29;P30;P31;P32;P33;P34;P35;P36;P37;P38;P39;P40;P41;P42;P43;P44;P45;P46;P47;P48;P49;P50;P51;P52;P53;P54;P55;P56;P57;P58;P59;P60,0,0,,
19,P17,,$2b$12$fZcN7lp5klcd.K2GZ1QPB.d0zMQGz.friA2axyl4S3nGZ2KtivlCa,0,TC1;TC2;C1;C2;C3;C4;C5;C6;C7;C8;C9;C10;C11;C12;C13;C14;C15;C16;C17;C18;C19;C20;C21;C22;C23;C24;C25;C26;C27;C28;C29;C30;C31;C32;C33;C34;C35;C36;C37;C38;C39;C40;C41;C42;C43;C44;C45;C46;C47;C48;C49;C50;C51;C52;C53;C54;C55;C56;C57;C58;C59;C60;P1;P2;P3;P4;P5;P6;P7;P8;P9;P10;P11;P12;P13;P14;P15;P16;P17;P18;P19;P20;P21;P22;P23;P24;P25;P26;P27;P28;P29;P30;P31;P32;P33;P34;P35;P36;P37;P38;P39;P40;P41;P42;P43;P44;P45;P46;P47;P48;P49;P50;P51;P52;P53;P54;P55;P56;P57;P58;P59;P60,0,0,,
20,P18,,$2b$12$hYPgWPgpko8YlaFbmXlci.uixAvAYP7AtiWrSuDgtyAYBgtZ2NDNu,0,TC1;TC2;C1;C2;C3;C4;C5;C6;C7;C8;C9;C10;C11;C12;C13;C14;C15;C16;C17;C18;C19;C20;C21;C22;C23;C24;C25;C26;C27;C28;C29;C30;C31;C32;C33;C34;C35;C36;C37;C38;C39;C40;C41;C42;C43;C44;C45;C46;C47;C48;C49;C50;C51;C52;C53;C54;C55;C56;C57;C58;C59;C60;P1;P2;P3;P4;P5;P6;P7;P8;P9;P10;P11;P12;P13;P14;P15;P16;P17;P18;P19;P20;P21;P22;P23;P24;P25;P26;P27;P28;P29;P30;P31;P32;P33;P34;P35;P36;P37;P38;P39;P40;P41;P42;P43;P44;P45;P46;P47;P48;P49;P50;P51;P52;P53;P54;P55;P56;P57;P58;P59;P60,0,0,,
21,P19,,$2b$12$SpQdm.e4WguSWLYNa03/C./k7dHJu/nd99jothmAB/qloky5ojHXa,0,TC1;TC2;C1;C2;C3;C4;C5;C6;C7;C8;C9;C10;C11;C12;C13;C14;C15;C16;C17;C18;C19;C20;C21;C22;C23;C24;C25;C26;C27;C28;C29;C30;C31;C32;C33;C34;C35;C36;C37;C38;C39;C40;C41;C42;C43;C44;C45;C46;C47;C48;C49;C50;C51;C52;C53;C54;C55;C56;C57;C58;C59;C60;P1;P2;P3;P4;P5;P6;P7;P8;P9;P10;P11;P12;P13;P14;P15;P16;P17;P18;P19;P20;P21;P22;P23;P24;P25;P26;P27;P28;P29;P30;P31;P32;P33;P34;P35;P36;P37;P38;P39;P40;P41;P42;P43;P44;P45;P46;P47;P48;P49;P50;P51;P52;P53;P54;P55;P56;P57;P58;P59;P60,0,0,,
22,P20,,$2b$12$KoyKU9vg/W9wU3hk68nM3OQDb6rM3HXEZ4tp7U2ZEEAbdFUORaOYG,0,TC1;TC2;C1;C2;C3;C4;C5;C6;C7;C8;C9;C10;C11;C12;C13;C14;C15;C16;C17;C18;C19;C20;C21;C22;C23;C24;C25;C26;C27;C28;C29;C30;C31;C32;C33;C34;C35;C36;C37;C38;C39;C40;C41;C42;C43;C44;C45;C46;C47;C48;C49;C50;C51;C52;C53;C54;C55;C56;C57;C58;C59;C60;P1;P2;P3;P4;P5;P6;P7;P8;P9;P10;P11;P12;P13;P14;P15;P16;P17;P18;P19;P20;P21;P22;P23;P24;P25;P26;P27;P28;P29;P30;P31;P32;P33;P34;P35;P36;P37;P38;P39;P40;P41;P42;P43;P44;P45;P46;P47;P48;P49;P50;P51;P52;P53;P54;P55;P56;P57;P58;P59;P60,0,0,,
